	x	y	z	labels	rarity	cost	player_class
0	-12.574442645640511	-9.382421220641286	-0.3583495295965618	Cho'gall	LEGENDARY	7.0	WARLOCK
1	9.256815125652155	15.702513654201717	2.0694021952950834	Demented Frostcaller	RARE	4.0	MAGE
2	7.049508866555679	-0.1334872522302921	15.480776914301932	Murloc Knight	COMMON	4.0	PALADIN
3	-12.49319832652778	17.348539946966127	6.308624822389426	Wolfrider	FREE	3.0	NEUTRAL
4	-17.187940578183944	-8.247899884205879	10.467134125399701	Force-Tank MAX	COMMON	8.0	NEUTRAL
5	11.324286185537781	-12.47107466261231	12.197299251923893	Lava Shock	RARE	2.0	SHAMAN
6	-7.2372657917495244	9.385920783351139	13.316873613661919	Raid Leader	FREE	3.0	NEUTRAL
7	-4.518742975151527	1.9724115659666634	9.397011091168485	Thoughtsteal	COMMON	3.0	PRIEST
8	-13.120825252205417	4.399051414039428	-5.531230070173751	Flame Leviathan	LEGENDARY	7.0	MAGE
9	13.25910963175861	12.662016268723269	11.623119949745975	Siege Engine	RARE	5.0	WARRIOR
10	3.0525200061526974	16.59990820017825	-3.4099452269624093	Ogre Ninja	RARE	5.0	ROGUE
11	8.331944866331789	21.442719489568212	6.128674729028457	Counterspell	RARE	3.0	MAGE
12	-7.433931759246457	3.7897541623601843	-19.85045044450787	Gurubashi Berserker	COMMON	5.0	NEUTRAL
13	-13.20002601117778	13.287548650082133	-9.847009383402025	Tirion Fordring	LEGENDARY	8.0	PALADIN
14	18.390384182345166	-9.60110700915627	0.23571767313776523	Flash Heal	COMMON	1.0	PRIEST
15	-1.5107219423297085	-16.42936887907814	10.296445879449477	Injured Blademaster	RARE	3.0	NEUTRAL
16	4.647426829443282	1.8235528627491373	0.8680935901905703	Tree of Life	EPIC	9.0	DRUID
17	11.021917044755972	-12.098001333620594	-10.245966266468255	Lightning Storm	RARE	3.0	SHAMAN
18	20.981368713523466	-5.258325423711843	3.906013994236376	Blessing of Wisdom	COMMON	1.0	PALADIN
19	3.4417158562416565	-1.1952824828642745	-5.265913607764117	Clockwork Knight	COMMON	5.0	NEUTRAL
20	-0.4404755966180316	-16.56407666399011	7.925205191791734	Saboteur	RARE	3.0	NEUTRAL
21	-20.5168800723658	-4.723197713464469	1.974338941318398	King Mukla	LEGENDARY	3.0	NEUTRAL
22	0.3840661163532547	2.4644142026170823	10.269507792792538	Clockwork Giant	EPIC	12.0	NEUTRAL
23	-4.482373466860799	-12.743550023903124	-17.086308342906815	Darkscale Healer	COMMON	5.0	NEUTRAL
24	-8.05451922387124	14.759281155858977	-7.8153326208108815	Southsea Squidface	COMMON	4.0	ROGUE
25	5.709944622520649	-15.849981122124465	-9.928631834296239	Whirling Zap-o-matic	COMMON	2.0	SHAMAN
26	1.883446415365873	-2.9919910716095877	-5.744124823769714	Lance Carrier	COMMON	2.0	NEUTRAL
27	-0.7790932297965452	11.073172533882412	-15.356609509133653	Sabotage	EPIC	4.0	ROGUE
28	15.708783293333527	-12.694835870963121	10.16009768220783	Light of the Naaru	RARE	1.0	PRIEST
29	-14.378523553704591	-12.742305380157468	-0.42735411714915195	Varian Wrynn	LEGENDARY	10.0	WARRIOR
30	7.0855843014616555	-6.1351672983621235	5.741468000534167	Pyroblast	EPIC	10.0	MAGE
31	-21.927380293107262	1.0290547861944306	-1.935821422802441	Icehowl	LEGENDARY	9.0	NEUTRAL
32	-3.850440813552623	12.575667173392542	6.362844636853071	Claw	FREE	1.0	DRUID
33	-20.135909257774667	-8.810300098040575	-4.674560860661314	Gormok the Impaler	LEGENDARY	4.0	NEUTRAL
34	10.707404606359605	-8.826382928586051	-1.7791697052184614	Slam	COMMON	2.0	WARRIOR
35	-0.8591227105590049	-7.575587848578527	-1.444354609750378	Master of Disguise	RARE	4.0	ROGUE
36	9.839526425025715	-9.267568187119052	13.020691844391227	Ancestral Healing	FREE	0.0	SHAMAN
37	-22.586658206825437	-0.5651613243824226	-2.478186831837203	Skycap'n Kragg	LEGENDARY	7.0	NEUTRAL
38	-2.732718508792112	14.708695486087137	10.850209849679219	Dragon Egg	RARE	1.0	NEUTRAL
39	1.1539800687841872	-0.8360152676941197	-7.256489153459148	Youthful Brewmaster	COMMON	2.0	NEUTRAL
40	1.5571025272787244	3.648899441613948	-15.096091297736665	Pit Lord	EPIC	4.0	WARLOCK
41	6.508685530280723	15.17425251347948	-4.475151015289114	Eaglehorn Bow	RARE	3.0	HUNTER
42	-12.813295246180216	7.626663343233714	10.876771202453915	Harvest Golem	COMMON	3.0	NEUTRAL
43	4.6711342987954	5.697549328529751	-18.765649777398664	Twilight Guardian	EPIC	4.0	NEUTRAL
44	7.918113261800656	13.892522752970725	13.183153815016643	Addled Grizzly	RARE	3.0	DRUID
45	3.777045289154982	-19.27814931381316	-10.137987553740675	Young Dragonhawk	COMMON	1.0	NEUTRAL
46	1.2763972045079097	-15.262500966783579	-13.708277319585557	Dragonling Mechanic	COMMON	4.0	NEUTRAL
47	-8.877308274561805	17.601019247039982	5.041934597504552	Magma Rager	FREE	3.0	NEUTRAL
48	1.7244782130153533	19.61553471531443	9.112634863353886	Imp Master	RARE	3.0	NEUTRAL
49	-0.14105019210279945	-11.357059622829258	-16.785699750362316	Gnomish Inventor	COMMON	4.0	NEUTRAL
50	5.798265063668908	-2.6001055219027345	-11.037515065548888	Big Game Hunter	EPIC	5.0	NEUTRAL
51	-7.839688865659004	-10.41299703475675	-0.3091711938923255	Reliquary Seeker	RARE	1.0	WARLOCK
52	-7.123134530349826	-13.99699512475805	-8.205072676809497	Ravaging Ghoul	COMMON	3.0	WARRIOR
53	2.0652086977057316	-17.212597864605492	7.749615268999255	Injured Kvaldir	RARE	1.0	NEUTRAL
54	14.924017347490581	-4.482894524132076	4.166739693406894	Naturalize	COMMON	1.0	DRUID
55	-2.7744846871631763	-16.256603452340396	-12.03383346358084	Razorfen Hunter	COMMON	3.0	NEUTRAL
56	-19.264453095401446	5.712071971122362	3.9780398047720995	Ragnaros, Lightlord	LEGENDARY	8.0	PALADIN
57	18.28298960249902	-8.24566325921835	-5.767550731880872	Demonfuse	COMMON	2.0	WARLOCK
58	-3.682575867182584	-16.717227370896033	-2.2765858099136684	Draenei Totemcarver	RARE	4.0	SHAMAN
59	11.343023020029111	-7.195880978094135	4.234967813268198	Mulch	EPIC	3.0	DRUID
60	1.8631319999433995	-19.692658117387488	7.643149059060462	Midnight Drake	RARE	4.0	NEUTRAL
61	18.58693080337823	3.538561880507063	9.474049898420414	Duplicate	COMMON	3.0	MAGE
62	-6.493365927776144	9.245480114520205	-0.624472852857355	Dreadsteed	EPIC	4.0	WARLOCK
63	-18.21876155311089	-0.9072622439804988	3.0837561805656555	Al'Akir the Windlord	LEGENDARY	8.0	SHAMAN
64	-7.883019801945526	-3.8415859915092763	-9.445843574039387	Unbound Elemental	COMMON	3.0	SHAMAN
65	-8.290257718277832	7.302154434008991	-16.103206553419636	Burly Rockjaw Trogg	COMMON	4.0	NEUTRAL
66	-5.020835556261161	0.5994584464252409	-15.907554609435612	Ice Rager	COMMON	3.0	NEUTRAL
67	-17.68829654077341	-0.2246166967475476	12.950287248775151	Stranglethorn Tiger	COMMON	5.0	NEUTRAL
68	-3.176616507120815	-3.0602254687576655	0.762251587062121	Cleave	COMMON	2.0	WARRIOR
69	-10.235663811576698	-6.468008186013486	16.121225985926326	Silverback Patriarch	COMMON	3.0	NEUTRAL
70	-0.8518358460317756	-6.677250402858333	18.002379039442616	Feral Rage	COMMON	3.0	DRUID
71	7.675515730638404	20.549824451612754	3.503223490877729	Vaporize	RARE	3.0	MAGE
72	-8.304374906723911	-15.556186448926914	11.698869298549706	Spiteful Smith	COMMON	5.0	NEUTRAL
73	-3.5377954094803017	-7.986308798785253	10.16530699013755	Kvaldir Raider	COMMON	5.0	NEUTRAL
74	-16.709087724376133	10.004006367228941	0.472136579422151	Fjola Lightbane	LEGENDARY	3.0	NEUTRAL
75	-2.6291488923539514	15.052511445829134	17.452040413499994	Pint-Sized Summoner	RARE	2.0	NEUTRAL
76	-5.183319370520671	-16.690298039504306	3.1054325891929775	Twilight Darkmender	RARE	5.0	PRIEST
77	7.185927562303223	-4.874731205318357	-17.43605290251613	Desert Camel	COMMON	3.0	HUNTER
78	19.00965922859586	-7.204883598921408	-7.557613481871508	Sacrificial Pact	COMMON	0.0	WARLOCK
79	-13.853646571590366	-6.437182097011365	2.1239168915342534	Eadric the Pure	LEGENDARY	7.0	PALADIN
80	2.4735314299918603	-3.000374830271564	-3.191698900291044	Wildwalker	COMMON	4.0	DRUID
81	-3.084210854404642	-6.560785716365965	17.833508193704315	Druid of the Saber	COMMON	2.0	DRUID
82	-17.459237258141638	-10.330695951123735	-0.2265032303833161	N'Zoth, the Corruptor	LEGENDARY	10.0	NEUTRAL
83	-11.987532891666577	-0.8485373694057298	12.78580025629537	Infested Tauren	COMMON	4.0	NEUTRAL
84	10.096462887878687	2.530357250992145	7.91486880345235	Shade of Naxxramas	EPIC	3.0	NEUTRAL
85	6.428992685182172	4.171152806534633	-18.932271724751644	Sideshow Spelleater	EPIC	6.0	NEUTRAL
86	-1.2602606062145927	10.557540909781	14.754299723895032	Excavated Evil	RARE	5.0	PRIEST
87	-8.396932142748952	1.3948814275548824	-19.542602591764087	Dragonkin Sorcerer	COMMON	4.0	NEUTRAL
88	0.05483745249036044	16.65708156796581	10.943454951489832	Mana Addict	RARE	2.0	NEUTRAL
89	5.6220450852859125	-6.753773661635391	-3.0701960822682013	Princess Huhuran	LEGENDARY	5.0	HUNTER
90	0.4625182759296724	9.51682810909061	14.637990482884367	Shadowboxer	RARE	2.0	PRIEST
91	-10.230617161308817	10.278397321082522	-10.134052659443213	Anub'arak	LEGENDARY	9.0	ROGUE
92	8.484440158205308	-7.591577576966182	9.733809896695218	Polymorph	FREE	4.0	MAGE
93	-2.329802562173726	2.3584392496976774	18.24066232223621	Coliseum Manager	RARE	3.0	NEUTRAL
94	-6.034214040399147	10.668358520509162	-3.137686841307004	Charged Hammer	EPIC	4.0	SHAMAN
95	6.395153205245212	-13.188440243242272	-7.90253578438692	Stormforged Axe	COMMON	2.0	SHAMAN
96	-2.4114763977437383	-15.323363656352319	-17.893483223070497	Flame Juggler	COMMON	2.0	NEUTRAL
97	-6.294978858212172	-0.3437775748063753	9.538458713768343	Circle of Healing	COMMON	0.0	PRIEST
98	-15.385728110211017	6.195653923649382	14.546575833396286	Explosive Sheep	COMMON	2.0	NEUTRAL
99	17.51444162207195	0.6721224575887084	-1.5511988316782392	Forgotten Torch	COMMON	3.0	MAGE
100	11.449769536837989	0.917769894209488	-11.031413426865655	Twilight Flamecaller	COMMON	3.0	MAGE
101	13.623108173704424	4.690164743628484	12.274740310233035	Eye for an Eye	COMMON	1.0	PALADIN
102	-6.082853478337333	2.856078348559199	-16.442306685066782	Spider Tank	COMMON	3.0	NEUTRAL
103	2.085862144573717	3.2185011111702484	-1.738481738866223	Echo of Medivh	EPIC	4.0	MAGE
104	10.273236126474405	9.222653474954642	-17.474654835843587	Chillwind Yeti	COMMON	4.0	NEUTRAL
105	-21.44176428808193	8.266065583590041	1.429353277886189	Nat, the Darkfisher	LEGENDARY	2.0	NEUTRAL
106	-4.500136258066467	13.587724963116791	-12.093755567645704	Bladed Cultist	COMMON	1.0	ROGUE
107	-3.2272892973113203	-11.083544962453034	-12.963691932241485	Priestess of Elune	COMMON	6.0	NEUTRAL
108	-7.037352641031349	18.686606758039176	4.695433787337261	River Crocolisk	FREE	2.0	NEUTRAL
109	-19.820921345010408	10.913124034227973	-3.7750327514739546	Eydis Darkbane	LEGENDARY	3.0	NEUTRAL
110	0.06510969918281415	-5.842782307380347	-5.889147787709207	Keeper of Uldaman	COMMON	4.0	PALADIN
111	-12.192003305276117	-8.141234029815237	15.704339374920155	Shieldbearer	COMMON	1.0	NEUTRAL
112	0.925800674259485	-4.326657985165316	-7.8941200409174055	Abusive Sergeant	COMMON	1.0	NEUTRAL
113	4.222546231835399	10.381515541302893	-2.415838017423507	Gladiator's Longbow	EPIC	7.0	HUNTER
114	16.84117324096885	-11.323167130916154	-3.066376134774642	Reincarnate	COMMON	2.0	SHAMAN
115	-10.279424336367214	12.192462697415127	1.3683743691421577	Spellbender	EPIC	3.0	MAGE
116	-9.643625128162395	-14.115490920713048	12.273218808680358	Amani Berserker	COMMON	2.0	NEUTRAL
117	9.236394015306306	6.64876097953397	1.2313691385793384	Bear Trap	COMMON	2.0	HUNTER
118	1.822433216837498	-19.67091193496769	-9.754878719075721	Flying Machine	COMMON	3.0	NEUTRAL
119	-0.8550940611724297	-16.86244795416255	-0.20454944964655486	Tuskarr Jouster	RARE	5.0	PALADIN
120	-10.726267977915352	-8.58072065142386	-3.223978877052805	Fearsome Doomguard	COMMON	7.0	WARLOCK
121	13.85842462569169	5.090310855122568	4.89313049290084	Arcane Nullifier X-21	RARE	4.0	NEUTRAL
122	-2.2240571061077716	17.328080863046015	-6.511611514947821	Sprint	COMMON	7.0	ROGUE
123	-0.8756517903627346	-10.665442476978235	-14.323093093129346	Frostwolf Warlord	COMMON	5.0	NEUTRAL
124	-16.203508610009425	10.863570166055828	-1.8274326296504424	Lorewalker Cho	LEGENDARY	2.0	NEUTRAL
125	8.857885393513476	7.087993447404356	-7.004049660529854	Carrion Grub	COMMON	3.0	HUNTER
126	12.730550526483983	-11.828794736477253	-8.033176553302747	Lava Burst	RARE	3.0	SHAMAN
127	-1.8083189554491943	16.375953770862072	9.509142963322	Knife Juggler	RARE	2.0	NEUTRAL
128	6.122568323588921	5.589185575987157	-15.43797409566981	Captain's Parrot	EPIC	2.0	NEUTRAL
129	-12.803909870398066	5.3216390398441575	-8.219858662878297	Rhonin	LEGENDARY	8.0	MAGE
130	-1.5410285980965277	-18.828254147002582	8.567341977209354	Stampeding Kodo	RARE	5.0	NEUTRAL
131	20.73014800784923	-5.785037606862065	0.4138066674699432	Betrayal	COMMON	2.0	ROGUE
132	-4.294109852052887	6.793582380535288	8.51106397065829	Multi-Shot	FREE	4.0	HUNTER
133	0.7876199636167127	19.34312434469257	11.488156677067458	Illuminator	RARE	3.0	NEUTRAL
134	12.606433241391688	-13.08607290324862	11.44248527249763	Healing Wave	RARE	3.0	SHAMAN
135	8.251555000866606	-4.7772367226617725	-6.415517739502099	Blade of C'Thun	EPIC	9.0	ROGUE
136	-10.863081893763432	1.225728179949178	-13.966309286511247	Core Hound	COMMON	7.0	NEUTRAL
137	19.92646898211808	-5.773809070266691	5.729447889522299	Blessing of Kings	COMMON	4.0	PALADIN
138	-15.151669349724196	4.319473573891358	9.948889646733338	Polluted Hoarder	COMMON	4.0	NEUTRAL
139	-10.897959334045773	-5.658178111678253	12.120343983056483	Evil Heckler	COMMON	4.0	NEUTRAL
140	1.5913317027416736	-5.246333264016324	-12.29997807372841	Frost Elemental	COMMON	6.0	NEUTRAL
141	-8.075787349959407	-2.85327911255255	12.795957883069407	Sen'jin Shieldmasta	FREE	4.0	NEUTRAL
142	-16.234514061205214	-7.353581582288747	-0.01003677859438982	Reno Jackson	LEGENDARY	6.0	NEUTRAL
143	16.605772925996728	-1.6162085328363591	6.621241362912673	Wrath	COMMON	2.0	DRUID
144	-1.916309066686546	14.293594470618938	4.702945900523171	Light's Justice	FREE	1.0	PALADIN
145	0.5817746262954211	18.61757698301112	7.03822875742214	Silithid Swarmer	RARE	3.0	NEUTRAL
146	-0.03367088132766599	1.2492279504180341	4.54746926715141	Force of Nature	EPIC	5.0	DRUID
147	11.812351338031053	-6.712731758859652	11.150726304263385	Blessing of Might	FREE	1.0	PALADIN
148	-3.4813341183552247	18.53328345037229	9.647827582323181	Grim Patron	RARE	5.0	NEUTRAL
149	2.5575857077491935	-0.5020159503276355	1.8405837352848848	Cogmaster's Wrench	EPIC	3.0	ROGUE
150	9.805721715744397	2.7853569440013497	-0.3262408788504857	Deathlord	RARE	3.0	NEUTRAL
151	3.2272050191724517	17.254661781836326	0.24511302940077268	One-eyed Cheat	RARE	2.0	ROGUE
152	13.16577406406907	-1.2802610193565975	14.251762946158127	Validated Doomsayer	EPIC	5.0	NEUTRAL
153	11.711371215406242	-14.281503754483401	7.671835666695397	Explorer's Hat	RARE	2.0	HUNTER
154	8.548017952189477	16.749804775617367	8.367782971791113	Everyfin is Awesome	RARE	7.0	SHAMAN
155	3.3190462058308086	0.8463232169875667	9.73674764196155	Djinni of Zephyrs	EPIC	5.0	NEUTRAL
156	12.68881045672579	2.7289584816626027	11.7145476385789	Noble Sacrifice	COMMON	1.0	PALADIN
157	8.6232924175042	-4.927449705059524	12.04260955351547	Shadow Bolt	FREE	3.0	WARLOCK
158	0.009865324137116604	4.714487269345421	3.5949584828906382	Lightbomb	EPIC	6.0	PRIEST
159	16.03386809149267	-8.789587353253076	3.5754420926846913	Inner Fire	COMMON	1.0	PRIEST
160	1.728327541755274	18.422946010151463	1.235677963700925	Burgle	RARE	3.0	ROGUE
161	7.131365868553219	10.57217557559833	-7.541074453650138	Animal Companion	COMMON	3.0	HUNTER
162	-12.961392608415217	-12.47944483966469	7.562545671766039	Dire Wolf Alpha	COMMON	2.0	NEUTRAL
163	12.769341364845003	3.64096551353578	1.8465112666804342	Target Dummy	RARE	0.0	NEUTRAL
164	-5.744929808871155	-7.318579091463903	4.968567757444358	Kor'kron Elite	COMMON	4.0	WARRIOR
165	0.7411018325556183	6.795166584663447	16.64249545000024	Resurrect	RARE	2.0	PRIEST
166	-6.964300413084759	18.277996180695958	2.4433404837545396	Boulderfist Ogre	FREE	6.0	NEUTRAL
167	1.4501899981307098	-6.910495518755779	-1.774932364593958	Master of Evolution	RARE	4.0	SHAMAN
168	5.195205593920401	2.45106795757539	11.716822022578032	Garrison Commander	EPIC	2.0	NEUTRAL
169	12.523884356682437	-15.519230249928123	6.552814156519238	Powershot	RARE	3.0	HUNTER
170	-0.5088076215642605	10.684023178976746	-13.671016091884715	Kidnapper	EPIC	6.0	ROGUE
171	-1.4368812381281628	-4.915221960768275	-11.089801320005767	Stormpike Commando	COMMON	5.0	NEUTRAL
172	-8.978758393890073	13.29833392456371	5.926326882201762	Arcane Missiles	FREE	1.0	MAGE
173	-9.38854128989984	-8.635165528100972	16.557358346003664	Lord of the Arena	COMMON	6.0	NEUTRAL
174	15.728728553736575	-4.456132462362425	2.774718105460616	Mark of Y'Shaarj	COMMON	2.0	DRUID
175	-8.665415443716409	2.063356519117195	-15.099402863089722	Pit Fighter	COMMON	5.0	NEUTRAL
176	13.351330575223646	-3.0619955521889	1.859877937243923	Swipe	COMMON	4.0	DRUID
177	-16.47590185577367	7.146596502936588	12.401266620511242	Tentacle of N'Zoth	COMMON	1.0	NEUTRAL
178	7.538207658973318	-17.678443911619517	0.536341538067999	Keeper of the Grove	RARE	4.0	DRUID
179	-11.5070605472794	-3.977555595366964	14.57872225394236	Fen Creeper	COMMON	5.0	NEUTRAL
180	-0.4971328609109503	-17.359689285224732	3.972238139840924	Mind Control Tech	RARE	3.0	NEUTRAL
181	12.259787437690342	-4.945275033257596	15.538832251613421	Execute	FREE	1.0	WARRIOR
182	5.55962251553632	5.584716947370675	3.084922363035683	Patient Assassin	EPIC	2.0	ROGUE
183	-21.4432497119231	10.460245812086614	-0.8591506637597334	Hogger, Doom of Elwynn	LEGENDARY	7.0	NEUTRAL
184	-19.207457554221055	6.679692272210662	-13.908877574866397	Baron Rivendare	LEGENDARY	4.0	NEUTRAL
185	-4.197643881766339	-21.325031412665517	1.2508001212378483	Ram Wrangler	RARE	5.0	HUNTER
186	10.22060611183582	-2.783499104088119	7.796396068835676	Arcane Shot	FREE	1.0	HUNTER
187	1.1979230564374763	-8.392782400504894	-8.07084174458468	Fire Elemental	COMMON	6.0	SHAMAN
188	-7.044991097286683	-9.46630801925463	-8.198365227810113	Dark Peddler	COMMON	2.0	WARLOCK
189	-10.65777656325967	-2.581110391060729	1.8115950748978862	Floating Watcher	COMMON	5.0	WARLOCK
190	-2.4698508763929645	-6.146898227734739	11.4231073171676	Lowly Squire	COMMON	1.0	NEUTRAL
191	4.459500089854126	-7.652351351310276	-5.398389037757357	Vol'jin	LEGENDARY	5.0	PRIEST
192	-3.939078328860794	4.944382335777162	-17.093520677314803	Flesheating Ghoul	COMMON	3.0	NEUTRAL
193	4.687939283994696	-17.422292860500182	9.476165048742692	Azure Drake	RARE	5.0	NEUTRAL
194	-0.5574776224486128	18.32787359532617	9.516683231649004	Blackwater Pirate	RARE	4.0	NEUTRAL
195	-8.743963859125424	-16.16972304891522	-0.9430179778041574	King's Defender	RARE	3.0	WARRIOR
196	-8.144268455729973	-17.217003675116654	1.7490233055906252	Ancient Shieldbearer	RARE	7.0	WARRIOR
197	-13.199357190747023	10.45599652797799	-4.978594962494936	Bloodmage Thalnos	LEGENDARY	2.0	NEUTRAL
198	7.360417025342704	16.758182213659328	9.990911930959426	Mana Tide Totem	RARE	3.0	SHAMAN
199	2.8230512474917284	13.440632419817511	5.476798921804761	Fel Cannon	RARE	4.0	WARLOCK
200	3.2437346884576432	-1.4170930591570379	10.115775890525594	Fel Reaver	EPIC	5.0	NEUTRAL
201	16.872856256548566	-8.068614171565603	1.783864386942065	Velen's Chosen	COMMON	3.0	PRIEST
202	-2.31698093650036	-14.114241392798869	-15.866366472407616	Bilefin Tidehunter	COMMON	2.0	NEUTRAL
203	-2.6500138918853717	-11.760481112165687	-15.581506771757125	Hungry Dragon	COMMON	4.0	NEUTRAL
204	8.726504812910148	-9.48461492306655	2.3535156581906405	Shield Slam	EPIC	1.0	WARRIOR
205	7.16603132144221	13.693127439896104	-3.314442781101119	Flare	RARE	2.0	HUNTER
206	-1.8199259961919556	-11.498648209853327	-1.0557047279829692	Perdition's Blade	RARE	3.0	ROGUE
207	2.6715717759190514	5.235276068370681	-7.83659496105911	Avenging Wrath	EPIC	6.0	PALADIN
208	-20.308810718005446	12.641534488844583	-1.9021982600209524	Nat Pagle	LEGENDARY	2.0	NEUTRAL
209	10.256104238289932	7.104479639870784	-5.542598621892391	Starving Buzzard	COMMON	5.0	HUNTER
210	-7.012038161440934	0.16640111437762095	-14.376941680267873	Stoneskin Gargoyle	COMMON	3.0	NEUTRAL
211	19.641813579443745	-4.126788380768398	0.35440277655152563	Gang Up	COMMON	2.0	ROGUE
212	-0.06219007763111343	-18.019839905788086	-2.1030424890908463	Argent Lance	RARE	2.0	PALADIN
213	-19.183268883804306	-14.608629153236889	-8.858503491550564	N'Zoth's First Mate	COMMON	1.0	WARRIOR
214	7.566367858647457	15.46881000334784	-6.047925619360725	Call Pet	RARE	2.0	HUNTER
215	-8.680254058391808	19.206243487052138	3.3587571417581796	Oasis Snapjaw	FREE	4.0	NEUTRAL
216	-7.008063466701316	15.63696103150091	-6.488551636053319	Anub'ar Ambusher	COMMON	4.0	ROGUE
217	4.979844504687899	8.239045370608965	-2.2273756306024293	Steamwheedle Sniper	EPIC	2.0	HUNTER
218	3.654372143150666	-3.452160855913145	5.3737179594789914	Murloc Warleader	EPIC	3.0	NEUTRAL
219	0.0886532364847889	7.277917584869746	12.601551285269666	Auchenai Soulpriest	RARE	4.0	PRIEST
220	-7.939150894307601	-8.115218808032102	-21.165023703661518	Frigid Snobold	COMMON	4.0	NEUTRAL
221	-4.789337878303488	-11.453521148765441	3.944134855415857	Dragon Consort	RARE	5.0	PALADIN
222	-14.686020696428647	-7.752106282797423	-7.129412068323407	The Black Knight	LEGENDARY	6.0	NEUTRAL
223	14.841449864939923	8.40382913459646	-5.678617178097574	Lock and Load	EPIC	2.0	HUNTER
224	-15.307068385955423	6.790469222307535	10.18104994354421	Huge Toad	COMMON	2.0	NEUTRAL
225	-1.865092431209012	-14.089012479200541	8.061581129233828	Madder Bomber	RARE	5.0	NEUTRAL
226	-9.376446187851036	-4.348159057212339	16.25150493259795	Goldshire Footman	COMMON	1.0	NEUTRAL
227	-16.397565236129175	7.901697510960028	-8.30823842413201	The Skeleton Knight	LEGENDARY	6.0	NEUTRAL
228	-14.758186715000399	8.990969413281851	11.425725422031269	Loot Hoarder	COMMON	2.0	NEUTRAL
229	-12.088364568415667	8.993369601460742	5.936230309999009	Fiery Bat	COMMON	1.0	HUNTER
230	-0.7894360697040624	20.77169000479706	9.267628155436125	Master Swordsmith	RARE	2.0	NEUTRAL
231	8.567479816654917	-12.318652696695015	-6.011950201635595	Forked Lightning	COMMON	1.0	SHAMAN
232	15.654812125417521	-10.360126936612835	-3.2306893614407235	Primal Fusion	COMMON	1.0	SHAMAN
233	2.8791452422733905	19.283673524265144	-0.2733440421859699	Journey Below	RARE	1.0	ROGUE
234	12.226165763942008	-11.799342395951514	5.570765185796605	Savagery	RARE	1.0	DRUID
235	-13.565609190000195	0.05869057002036705	6.281507000674613	Blood Imp	COMMON	1.0	WARLOCK
236	-11.983825505738038	3.9965204260467955	13.259747958547258	Clockwork Gnome	COMMON	1.0	NEUTRAL
237	-3.744451586498077	10.125838100075168	-10.375504884867368	Headcrack	RARE	3.0	ROGUE
238	-3.6456416607212514	11.02600764343007	-6.249329417623317	Unleash the Hounds	COMMON	3.0	HUNTER
239	-14.082547172796968	7.793458407366081	13.379533823448789	Spawn of N'Zoth	COMMON	3.0	NEUTRAL
240	-4.285848198834435	-7.179027795076936	15.601281754317116	Anodized Robo Cub	COMMON	2.0	DRUID
241	1.179910901111896	-3.4998879641555116	16.93878072982446	Cenarius	LEGENDARY	9.0	DRUID
242	-6.058793315710208	-2.736312333136765	-5.005720278661338	Voodoo Doctor	FREE	1.0	NEUTRAL
243	-0.7303263251368088	6.818433997730115	4.03690600744205	Confuse	EPIC	2.0	PRIEST
244	12.737863356612639	-10.206184727056618	8.38013470405647	Blessed Champion	RARE	5.0	PALADIN
245	19.784781770276982	-1.7924450469461382	0.5520827177529833	Shiv	COMMON	2.0	ROGUE
246	-2.7229642547079678	-16.962392477615833	-15.591161736503386	Blackwing Technician	COMMON	3.0	NEUTRAL
247	-11.266201410194306	5.888108751566821	11.885132565357642	Haunted Creeper	COMMON	2.0	NEUTRAL
248	2.763958678094968	8.35852380626437	-2.343834649296542	Call of the Wild	EPIC	8.0	HUNTER
249	-6.382149411424125	-9.900187075034019	-0.31141506092515825	Void Terror	RARE	3.0	WARLOCK
250	17.75920960865744	-22.503447340528684	-16.564685455114308	Lightning Bolt	COMMON	1.0	SHAMAN
251	1.7151444499662734	-0.5767985017112676	7.845265761922393	Molten Giant	EPIC	25.0	NEUTRAL
252	-0.21534626423015754	14.91269887675176	-7.158255610274996	Assassin's Blade	COMMON	5.0	ROGUE
253	-3.925812897170814	13.593193551680535	-10.356564809826642	Defias Ringleader	COMMON	2.0	ROGUE
254	9.323502574116933	4.190367565918154	4.8136009715605885	Mech-Bear-Cat	RARE	6.0	DRUID
255	-0.7625927524226203	-14.69744353265085	-11.619108001813519	Bloodsail Raider	COMMON	2.0	NEUTRAL
256	-0.4194582989222569	-2.8216882623988155	14.700679132562948	Ancient of War	EPIC	7.0	DRUID
257	18.047404463681012	-3.41879628598066	2.3152846307567794	Cobra Shot	COMMON	5.0	HUNTER
258	-6.663008969616085	-10.865414037316983	-2.2259022652010687	Felguard	RARE	3.0	WARLOCK
259	16.610399494213993	-10.335315974268358	1.80949309651507	Divine Spirit	COMMON	2.0	PRIEST
260	11.576778195798557	11.567472957407794	6.627605420002508	Anyfin Can Happen	RARE	10.0	PALADIN
261	5.337853353965068	7.0953023679273866	-12.488153539382887	Eternal Sentinel	EPIC	2.0	SHAMAN
262	-11.944020196877759	-10.749855010860202	14.780640638650373	Gnomeregan Infantry	COMMON	3.0	NEUTRAL
263	8.66549808581969	4.505318637946005	17.648733990834693	Truesilver Champion	COMMON	4.0	PALADIN
264	14.096098802074728	4.386499011052205	0.6315845356914742	Sunwalker	RARE	6.0	NEUTRAL
265	2.9809564844161884	-10.720302272821348	-14.821488373003543	Beckoner of Evil	COMMON	2.0	NEUTRAL
266	-9.950345940690692	5.411360182440195	-16.52432772317735	Duskboar	COMMON	2.0	NEUTRAL
267	0.88415370982598	-12.045606834048133	11.382476431755302	Mogor's Champion	RARE	6.0	NEUTRAL
268	15.676184497422103	-3.0424754825825713	-14.471248133070405	Goblin Blastmage	RARE	4.0	MAGE
269	-2.112520870348335	6.222836501387829	2.3753786301394446	Shadowform	EPIC	3.0	PRIEST
270	-1.5320103197295387	16.129445836866775	-8.346687346354603	Buccaneer	COMMON	1.0	ROGUE
271	1.007705052796024	1.0313497583181257	12.56877718174824	Mountain Giant	EPIC	12.0	NEUTRAL
272	-1.7232985609186977	2.3845278879028036	3.6893904402849005	Mindgames	EPIC	4.0	PRIEST
273	-17.48103870024446	2.956592722210577	0.7006186803236162	Gahz'rilla	LEGENDARY	7.0	HUNTER
274	-15.81950833549787	-6.253636529083738	-4.658774093533801	Elise Starseeker	LEGENDARY	4.0	NEUTRAL
275	-1.931533916118905	19.69632749581435	11.43172791051539	Summoning Stone	RARE	5.0	NEUTRAL
276	8.241255437950429	9.282982737362516	11.1825682926241	Volcanic Lumberer	RARE	9.0	DRUID
277	11.04087819057925	-12.379844467880485	9.913979623297356	Ancestral Spirit	RARE	2.0	SHAMAN
278	-12.287954640405983	-0.16014322187993868	3.2344797814328383	Sense Demons	COMMON	3.0	WARLOCK
279	-5.117717361871169	11.96149758216445	9.357623302903793	Heroic Strike	FREE	2.0	WARRIOR
280	-6.825418625064082	2.1621992374034633	-6.764172273423749	Corrupted Healbot	RARE	5.0	NEUTRAL
281	3.430420170071195	-20.94443691142615	-8.791006909811077	Windfury Harpy	COMMON	6.0	NEUTRAL
282	11.25916614069582	14.24525962471611	5.447538548665633	Steward of Darkshire	RARE	3.0	PALADIN
283	-19.911891605115468	-8.635403108756497	-0.14152182683805242	C'Thun	LEGENDARY	10.0	NEUTRAL
284	-19.81202807927816	4.693837543136354	-3.1632232034365853	Mekgineer Thermaplugg	LEGENDARY	9.0	NEUTRAL
285	-3.5954064074759833	-3.3318571882504493	3.5025922507331626	Whirlwind	COMMON	1.0	WARRIOR
286	1.2929857773046793	-17.390558185729176	-0.6491552942097017	Rallying Blade	RARE	3.0	PALADIN
287	-15.739305607012549	-15.943495723193404	7.8607722278139365	Stormwind Champion	COMMON	7.0	NEUTRAL
288	-0.7532680254441464	18.066490916130554	13.104046233385608	Questing Adventurer	RARE	3.0	NEUTRAL
289	-0.3170950179372419	9.793952475767995	16.378578748056803	Lightwell	RARE	2.0	PRIEST
290	1.138398948319579	-5.152404108835344	8.962241210598695	Poison Seeds	COMMON	4.0	DRUID
291	-10.201257660895408	3.95431606968451	-18.84599966906254	Lost Tallstrider	COMMON	4.0	NEUTRAL
292	-5.080535983808955	-2.058267156419952	4.239386265972598	Bolster	COMMON	2.0	WARRIOR
293	-13.14782216523355	-6.198336744785088	-1.206425027930944	The Mistcaller	LEGENDARY	6.0	SHAMAN
294	-17.891592356576016	-6.464382009181988	11.43651772226563	Scarlet Crusader	COMMON	3.0	NEUTRAL
295	-13.879787704065714	11.11654898078553	-7.272414741642588	Cairne Bloodhoof	LEGENDARY	6.0	NEUTRAL
296	-6.972552961734303	5.274027482998435	1.2033732356461355	Sea Reaver	EPIC	6.0	WARRIOR
297	-0.3922726610126524	-11.313777903726159	9.31150715708734	Ravenholdt Assassin	RARE	7.0	NEUTRAL
298	-6.362983703057773	-18.9035912215365	-6.734527747451956	Bestial Wrath	EPIC	1.0	HUNTER
299	5.701481038815435	0.6526136666433154	10.15829961140505	Junkbot	EPIC	5.0	NEUTRAL
300	9.35446500547061	-3.275800515903475	4.280241696538073	Forbidden Healing	EPIC	0.0	PALADIN
301	7.889775502211739	-12.101883890135257	-8.701278764917877	Ancestral Knowledge	COMMON	2.0	SHAMAN
302	-1.380108238189518	4.288152178791321	1.7702901880907929	Embrace the Shadow	EPIC	2.0	PRIEST
303	-21.76603227537233	-9.410649681872236	-1.488284751995366	Nefarian	LEGENDARY	9.0	NEUTRAL
304	9.038102320510692	-7.499523091723809	5.815948954161371	Arcane Blast	EPIC	1.0	MAGE
305	12.830095508282362	4.610004658462705	14.333298095966601	Repentance	COMMON	1.0	PALADIN
306	18.20007992349996	-6.859533524713881	-3.650182733409715	Mortal Coil	COMMON	1.0	WARLOCK
307	12.961451593110421	13.069575993869384	5.526901079666807	Cobalt Guardian	RARE	5.0	PALADIN
308	-0.10466841813904662	14.720633912073048	8.690205324892306	Jeeves	RARE	4.0	NEUTRAL
309	-5.202899482463641	4.44842680249307	-0.561873194528863	Magnataur Alpha	EPIC	4.0	WARRIOR
310	17.889161161800452	4.7959968136086255	10.284993384803839	Mirror Entity	COMMON	3.0	MAGE
311	-2.3195317662700257	-9.073367600746199	-9.259556702278859	Totem Golem	COMMON	2.0	SHAMAN
312	-12.340606950965295	-14.513688867999834	1.0647993419754047	Grommash Hellscream	LEGENDARY	8.0	WARRIOR
313	-13.002403953971587	-14.796450790845888	8.52526765492679	Mechwarper	COMMON	2.0	NEUTRAL
314	10.630264232982043	4.99920766315532	-14.877085780171752	Crazed Worshipper	EPIC	5.0	NEUTRAL
315	-7.780858766643976	-14.200828899641472	13.033395945312675	Aberrant Berserker	COMMON	4.0	NEUTRAL
316	17.03025644886626	-3.411265095723641	-13.289492285583309	Kirin Tor Mage	RARE	3.0	MAGE
317	18.06473675532611	3.4197810860226916	-5.496665845343373	Frostbolt	COMMON	2.0	MAGE
318	1.3218137940445642	-5.236954161275974	-3.143661838627563	Windspeaker	COMMON	4.0	SHAMAN
319	-14.509174093106331	-15.078079548259147	9.818790807829147	Cogmaster	COMMON	1.0	NEUTRAL
320	-8.961908932910601	1.159612733411576	8.424315084270212	Hooded Acolyte	COMMON	4.0	PRIEST
321	-18.281126796390375	6.5338865812503855	4.864020449043567	Bolvar Fordragon	LEGENDARY	5.0	PALADIN
322	-14.733285076303924	8.918241234329708	-6.918235459229935	Sylvanas Windrunner	LEGENDARY	6.0	NEUTRAL
323	-12.77314140975827	9.255769067271418	-7.951086325490147	Feugen	LEGENDARY	5.0	NEUTRAL
324	13.4404001002555	-6.942520601436915	13.118308414518705	Hand of Protection	FREE	1.0	PALADIN
325	12.140692768789448	-6.646452086490537	-2.0644300521145533	Inner Rage	COMMON	0.0	WARRIOR
326	-7.866315672063204	4.645432776988326	-14.775391348132054	Ship's Cannon	COMMON	2.0	NEUTRAL
327	-12.470115498863972	0.09733341737970137	-3.8414149434995544	Nexus-Champion Saraad	LEGENDARY	5.0	NEUTRAL
328	6.0040792861486985	-3.241242744247506	-8.685269058847254	Recombobulator	EPIC	2.0	NEUTRAL
329	9.776619250722902	12.783846828748397	6.322294192497668	Equality	RARE	2.0	PALADIN
330	-0.4618651181798886	-13.052130645925232	6.026961321641184	Armored Warhorse	RARE	4.0	NEUTRAL
331	-3.1557027333593815	-3.435204518634597	-14.964074602302853	Ogre Brute	COMMON	3.0	NEUTRAL
332	-5.542420944214885	7.390808112736563	-5.589600497680267	Powermace	RARE	3.0	SHAMAN
333	-1.9357082412394682	-5.914858155476275	-8.693749028526769	Darkshire Alchemist	COMMON	5.0	PRIEST
334	11.361392297550186	-7.014361367740902	-0.3928613066051393	Rampage	COMMON	2.0	WARRIOR
335	3.943745892465967	-12.665260265078487	-15.768926794189115	C'Thun's Chosen	COMMON	4.0	NEUTRAL
336	8.438716765547037	3.3905220313407325	15.935612634119707	Seal of Light	COMMON	2.0	PALADIN
337	-2.396626109308783	15.127447142105906	-6.614691692171308	Conceal	COMMON	1.0	ROGUE
338	12.431100613827033	13.092614027420039	-2.105262723210827	Cult Sorcerer	RARE	2.0	MAGE
339	3.041617735358764	-9.617594975119168	-0.3912659481896434	Sparring Partner	RARE	2.0	WARRIOR
340	7.651984425810122	-17.549525804440822	-1.2405430993821314	Starfall	RARE	5.0	DRUID
341	9.245044284583093	1.3788024834925503	13.701080878971151	Warhorse Trainer	COMMON	3.0	PALADIN
342	16.41741406204613	-4.397355419923606	-0.5818189904163442	Hunter's Mark	COMMON	1.0	HUNTER
343	-9.45774340851693	16.267340423989957	12.277763119873528	Arcane Intellect	FREE	3.0	MAGE
344	10.848733908882634	1.8977637472549649	1.0317593137586993	Abomination	RARE	5.0	NEUTRAL
345	-7.051769999723971	-13.441976965597842	2.331848829279809	Darnassus Aspirant	RARE	2.0	DRUID
346	12.721220544016361	14.019112406501248	10.066075225646811	Armorsmith	RARE	2.0	WARRIOR
347	9.756492391960558	9.189061709608723	-1.1859247627566356	Misdirection	RARE	2.0	HUNTER
348	0.14266040741905417	-14.818986711901541	3.902614762800346	Eater of Secrets	RARE	4.0	NEUTRAL
349	7.870271746987046	13.447110193224287	14.884672744330771	Bite	RARE	4.0	DRUID
350	-0.4579357211020717	7.96805946717879	9.980200990652722	Shifting Shade	RARE	4.0	PRIEST
351	-10.197513765532953	-7.293108762848943	21.558954266105122	Bog Creeper	COMMON	7.0	NEUTRAL
352	-7.193919806065623	-15.089158706246948	3.7115833511177123	Klaxxi Amber-Weaver	RARE	4.0	DRUID
353	15.128956342631753	2.160388242286063	-7.892177515003464	Snowchugger	COMMON	2.0	MAGE
354	-3.009916805173857	-5.1149308520089	16.146329767034377	Raven Idol	COMMON	1.0	DRUID
355	-0.6910878624934376	-3.1403297875363383	-11.066321925360013	Ironforge Rifleman	COMMON	3.0	NEUTRAL
356	-3.821497870865105	-7.662533165712252	6.792462407308398	Orgrimmar Aspirant	COMMON	3.0	WARRIOR
357	-17.613047770103055	-3.2298565967786743	-3.3204265272120845	Toshley	LEGENDARY	6.0	NEUTRAL
358	6.258739592751895	12.67184281877522	-6.008807931554294	Ball of Spiders	RARE	6.0	HUNTER
359	13.832405474784167	-12.52178474148244	5.236402420901749	Recycle	RARE	6.0	DRUID
360	-20.741148352528445	5.862727931160678	-5.246956961775736	Y'Shaarj, Rage Unbound	LEGENDARY	10.0	NEUTRAL
361	4.148002885943543	-1.3787573049866428	-10.10571162565908	Faceless Manipulator	EPIC	5.0	NEUTRAL
362	11.891905737198764	-0.4474489918016488	-12.572489331747057	Faceless Summoner	COMMON	6.0	MAGE
363	3.5681642202358903	-10.501023926767026	-12.723758243437935	Twilight Geomancer	COMMON	2.0	NEUTRAL
364	-3.9792579777823947	-16.244482201720913	2.150280261153438	Wyrmrest Agent	RARE	2.0	PRIEST
365	-20.095289850003272	8.395701660013835	-5.169388017242441	Kel'Thuzad	LEGENDARY	8.0	NEUTRAL
366	2.3100003626775125	5.855082942174358	-10.721017661900765	Coghammer	EPIC	3.0	PALADIN
367	-5.115594223250827	-10.856282589478772	-15.270141738744774	Drakonid Crusher	COMMON	6.0	NEUTRAL
368	-1.7073668671870879	-21.523213119676612	1.7013649899040422	King of Beasts	RARE	5.0	HUNTER
369	-5.511193229224323	6.157385246122933	-19.10562502050408	Stonesplinter Trogg	COMMON	2.0	NEUTRAL
370	3.8730909234189452	10.731816064598585	15.365422892780499	Innervate	FREE	0.0	DRUID
371	19.017914813478864	-6.230854691881289	3.8284085730966826	Seal of Champions	COMMON	3.0	PALADIN
372	14.263613874770458	15.725628391241726	9.652849613602022	Cursed Blade	RARE	1.0	WARRIOR
373	-14.879612680885986	-6.694279705267709	8.521415025718097	Argent Horserider	COMMON	3.0	NEUTRAL
374	13.092554766621916	1.758119782597895	-19.24083791144807	Spectral Knight	COMMON	5.0	NEUTRAL
375	-20.256127218815795	5.88375939592059	-0.41900601670528953	Troggzor the Earthinator	LEGENDARY	7.0	NEUTRAL
376	2.149620441959227	-3.2138983792347715	2.886911188125586	Southsea Captain	EPIC	3.0	NEUTRAL
377	-17.866517844270305	-5.95049965510999	-1.317088309900672	Millhouse Manastorm	LEGENDARY	2.0	NEUTRAL
378	-15.572848887827474	-12.946187793074197	-9.574507773409707	Brann Bronzebeard	LEGENDARY	3.0	NEUTRAL
379	2.551163484297439	-9.222592987071195	2.6528855105655706	Light's Champion	RARE	3.0	NEUTRAL
380	-11.626026868897382	-4.71285485767904	17.123176012424462	Tournament Attendee	COMMON	1.0	NEUTRAL
381	9.20429157641627	17.82872569378972	1.9481878623974578	Ethereal Arcanist	RARE	4.0	MAGE
382	-1.012503933069122	18.526056393412464	1.3274829351308401	Thistle Tea	RARE	6.0	ROGUE
383	11.840187103905361	1.8610137712737131	15.19281215884663	Redemption	COMMON	1.0	PALADIN
384	-2.9289662641017116	-16.557630076602013	7.9548837367056295	Wailing Soul	RARE	4.0	NEUTRAL
385	6.452069985191816	6.196690627671754	-17.4376748172477	Echoing Ooze	EPIC	2.0	NEUTRAL
386	-5.742821423506563	-3.0209892093920794	2.3921391793444227	Axe Flinger	COMMON	4.0	WARRIOR
387	-7.073954891194404	16.65107162449078	4.387032658161429	Murloc Raider	FREE	1.0	NEUTRAL
388	8.252729350002047	12.24857267599606	-9.465805543489818	Mirror Image	COMMON	1.0	MAGE
389	7.836177656222538	-2.164478802505984	-8.935610079059574	Faceless Shambler	EPIC	4.0	NEUTRAL
390	0.13353572930116492	-15.829228723624441	-1.7534638073211803	Scarlet Purifier	RARE	3.0	PALADIN
391	4.227223021414225	4.694429772407102	6.030036366489198	Hammer of Wrath	FREE	4.0	PALADIN
392	-13.855731661771015	5.646255989883818	12.065206476754437	Piloted Shredder	COMMON	4.0	NEUTRAL
393	0.8676512850674672	19.28704565136894	-0.5837119168708743	Cutpurse	RARE	2.0	ROGUE
394	-2.937747897258437	17.2177099582991	11.741528863418095	Demolisher	RARE	3.0	NEUTRAL
395	17.70356887515659	-0.4531544063764625	6.4514475353531875	Mark of Nature	COMMON	3.0	DRUID
396	-1.9378773080222307	-13.033582367255184	-13.627255353820814	Antique Healbot	COMMON	5.0	NEUTRAL
397	-20.04821074654323	-6.845004023102108	-2.193215130704081	Blingtron 3000	LEGENDARY	5.0	NEUTRAL
398	-6.541739999114791	8.645413082223039	10.91809856785123	Timber Wolf	FREE	1.0	HUNTER
399	6.5912372520584155	16.646835486659633	8.142087248903156	Evolve	RARE	1.0	SHAMAN
400	-13.459931481685121	-5.812037767771054	15.920205497021806	Booty Bay Bodyguard	COMMON	5.0	NEUTRAL
401	4.955409494578078	10.153120047437863	11.338305665065322	Savage Combatant	RARE	4.0	DRUID
402	-1.921037469144213	-2.2748375257375124	14.873605245170715	Wisps of the Old Gods	EPIC	7.0	DRUID
403	12.260428281000996	16.108085913004572	10.389387858078038	Frothing Berserker	RARE	3.0	WARRIOR
404	11.005592822865877	16.94659733807658	2.792532644447157	Animated Armor	RARE	4.0	MAGE
405	-21.044358848385038	21.858490198540675	18.775890730934183	Northshire Cleric	FREE	1.0	PRIEST
406	14.594153298052372	-11.950116966547204	0.3601742702999422	Silence	COMMON	0.0	PRIEST
407	13.954600849328443	-3.8734815189701193	-3.050408166972218	On the Hunt	COMMON	1.0	HUNTER
408	-2.649918844185205	-8.52785945302308	11.890098933293475	Silver Hand Regent	COMMON	3.0	NEUTRAL
409	-1.4618285755077343	-9.516441934733788	-1.8628151958857404	Unearthed Raptor	RARE	3.0	ROGUE
410	14.329530066705919	-3.3741397451995154	-4.828652421862701	Quick Shot	COMMON	2.0	HUNTER
411	7.076410722730441	5.685695949052514	16.96799261730763	Consecration	COMMON	4.0	PALADIN
412	-7.514915736940869	-8.398510963091493	0.7778296762048239	Doomguard	RARE	5.0	WARLOCK
413	-8.391320058514555	-8.523250217916948	-7.248765876820717	Dread Infernal	COMMON	6.0	WARLOCK
414	-2.717108429081095	9.97831811933068	0.6659699739088504	Dark Bargain	EPIC	6.0	WARLOCK
415	2.9811711756075403	5.9685923099918	-5.0079638602715155	Enter the Coliseum	EPIC	6.0	PALADIN
416	-8.316842175739481	3.086676102513451	-17.315481729980696	Nerubian Prophet	COMMON	6.0	NEUTRAL
417	0.23425504873335432	-13.348625223276008	-15.230669742812479	Mad Bomber	COMMON	2.0	NEUTRAL
418	0.12529020267952537	-13.960752868048687	-17.618470389462484	Refreshment Vendor	COMMON	4.0	NEUTRAL
419	14.003029694325098	15.239873687482218	11.892203384500075	Upgrade!	RARE	1.0	WARRIOR
420	-3.020591165493907	-21.854645854716576	-15.514507455290849	Twilight Whelp	COMMON	1.0	PRIEST
421	13.480531211633526	11.637100097039449	2.0502969282945673	Competitive Spirit	RARE	1.0	PALADIN
422	15.75529688174735	0.1867967564307451	5.535868188790016	Living Roots	COMMON	1.0	DRUID
423	-15.220116468700331	-13.336972928557485	1.159078057858893	Malkorok	LEGENDARY	7.0	WARRIOR
424	-10.795694055339544	2.569671743197891	-16.553229159541917	War Golem	COMMON	7.0	NEUTRAL
425	-8.250901516899269	-2.1580549878568553	-10.905224782453974	Bloodlust	COMMON	5.0	SHAMAN
426	-3.5418111827506626	-13.582813305209035	-11.824147420000584	Gorillabot A-3	COMMON	4.0	NEUTRAL
427	-1.8077949248703247	-4.696652872236715	17.899163690695126	Power of the Wild	COMMON	2.0	DRUID
428	15.192440827600942	-1.756403831492997	1.96926314374394	Moonfire	COMMON	0.0	DRUID
429	-14.18979949481122	-14.832146201451955	6.749967067573128	Maiden of the Lake	COMMON	4.0	NEUTRAL
430	-21.34463203647021	-7.300895450505814	1.8812669066668897	Arch-Thief Rafaam	LEGENDARY	9.0	NEUTRAL
431	-18.033771760495032	-6.677754557133505	9.533792619857037	Silvermoon Guardian	COMMON	4.0	NEUTRAL
432	13.88068354369785	-10.081823636069679	9.910024133509125	Holy Wrath	RARE	5.0	PALADIN
433	20.74109629635192	-5.684144435141608	-6.473180583646635	Darkbomb	COMMON	2.0	WARLOCK
434	-5.663903162298004	14.255611109932175	-10.772523215931654	Shado-Pan Rider	COMMON	5.0	ROGUE
435	2.661513152280563	-6.597691629223425	17.160646675589508	Nourish	RARE	5.0	DRUID
436	-8.984917428827474	1.0776618160942697	-2.707021376983293	Nightblade	FREE	5.0	NEUTRAL
437	8.891276080390059	-9.894946919063424	-12.201384482007096	Siltfin Spiritwalker	EPIC	4.0	SHAMAN
438	10.328600311630217	-10.388759318812994	-12.945956363956888	Elemental Destruction	EPIC	3.0	SHAMAN
439	-11.873833289494794	-8.145232279267136	13.132264595554155	Squirming Tentacle	COMMON	3.0	NEUTRAL
440	19.95539154385931	-7.892930750682452	-2.156357738276849	Corruption	COMMON	1.0	WARLOCK
441	8.700637490481734	-3.667998567945584	-1.7487158729510248	Crackle	COMMON	2.0	SHAMAN
442	3.9419284339869254	8.792483477461282	-4.128111857549743	Feign Death	EPIC	2.0	HUNTER
443	-6.120485037518375	-5.709180012650954	-2.40591370598991	Voidwalker	FREE	1.0	WARLOCK
444	-16.028676442631433	3.5696489079705365	1.9109045758653767	Dreadscale	LEGENDARY	3.0	HUNTER
445	-12.582333963921931	6.082977046654444	14.365188770782794	Mad Scientist	COMMON	2.0	NEUTRAL
446	-7.248040461851844	2.5370749476568415	-8.406202888101197	Wobbling Runts	RARE	6.0	NEUTRAL
447	-0.08305093962338203	-1.4394981972440766	-5.966577892421144	Ancient Brewmaster	COMMON	4.0	NEUTRAL
448	-11.600060821105004	-7.262094294254541	17.89033492894925	Mogu'shan Warden	COMMON	4.0	NEUTRAL
449	-11.024950817750629	-16.985543507659948	-7.59164988820743	Houndmaster	FREE	4.0	HUNTER
450	2.0949890096886357	-11.790499777954013	-7.887767525568681	Tuskarr Totemic	COMMON	3.0	SHAMAN
451	-0.49590659573360396	16.15205241107748	0.5914244096547843	Blade Flurry	RARE	4.0	ROGUE
452	11.48325534607118	2.0740786814717573	-7.510966263478054	Dalaran Aspirant	COMMON	4.0	MAGE
453	8.150365553327735	-12.099697732772366	8.426095800906399	Imp-losion	RARE	4.0	WARLOCK
454	-6.824388485333663	10.691159945742541	11.256964379362634	Warsong Commander	FREE	3.0	WARRIOR
455	-15.353450917411932	12.292348449394016	-9.519433314578714	Chillmaw	LEGENDARY	7.0	NEUTRAL
456	-4.220321470039816	-0.13025316193935688	9.373340565610347	Holy Nova	COMMON	5.0	PRIEST
457	-19.354954787737785	9.608646670775846	1.3044586691902964	Chromaggus	LEGENDARY	8.0	NEUTRAL
458	0.4487093904929185	-12.736835929887654	-12.820085751428856	Cult Apothecary	COMMON	5.0	NEUTRAL
459	-8.868685565820442	15.681451535568621	-6.3547662488417815	Tomb Pillager	COMMON	4.0	ROGUE
460	-8.199517041893722	0.30502542479273925	-17.021598005763664	Volcanic Drake	COMMON	6.0	NEUTRAL
461	-16.94900996859071	16.250267064083317	-21.03707828169431	Illidan Stormrage	LEGENDARY	6.0	NEUTRAL
462	10.251703846751534	-9.42085834781857	2.6262425367641207	Crush	EPIC	7.0	WARRIOR
463	9.179480319320383	0.9523919994452248	17.352871333989153	Shielded Minibot	COMMON	2.0	PALADIN
464	-0.3835694643709785	-6.911516270466981	11.436127298826474	Dragonhawk Rider	COMMON	3.0	NEUTRAL
465	10.991073132596625	17.466712607726127	-2.450536860785485	Blizzard	RARE	6.0	MAGE
466	8.589153358033784	-13.688071439602837	8.385684491041506	Siphon Soul	RARE	6.0	WARLOCK
467	-9.82657456116831	-11.001735615125236	-20.228109187119173	Evolved Kobold	COMMON	4.0	NEUTRAL
468	-19.30894504780235	-6.51377295344009	3.2801599655894425	Elite Tauren Chieftain	LEGENDARY	5.0	NEUTRAL
469	-3.0346017125645415	-9.724307108958136	-16.90402300509305	Fossilized Devilsaur	COMMON	8.0	NEUTRAL
470	-0.5806487840581589	-11.273428007128741	-10.578568828028148	Druid of the Fang	COMMON	5.0	DRUID
471	-21.935897468112525	-9.552354456595467	1.117885812322418	Yogg-Saron, Hope's End	LEGENDARY	10.0	NEUTRAL
472	-12.7910475100647	16.511680509188125	4.6564946642236205	Stonetusk Boar	FREE	1.0	NEUTRAL
473	-11.558456254619532	-6.1449248554712685	7.9895632421197185	Stormwind Knight	COMMON	4.0	NEUTRAL
474	13.802219270579789	-13.084173372036583	-4.37065357514643	Stormcrack	COMMON	2.0	SHAMAN
475	-5.371458280662134	7.2626314371526774	-16.413484282125637	Southsea Deckhand	COMMON	1.0	NEUTRAL
476	4.292261719816267	10.15333315953145	5.336241520597889	Fist of Jaraxxus	RARE	4.0	WARLOCK
477	0.2556901175336055	-4.922699527660273	7.697749542929543	Savage Roar	COMMON	3.0	DRUID
478	2.33577726190377	-14.138682224019743	5.292786881855093	Corrupted Seer	RARE	6.0	NEUTRAL
479	-4.837983017338624	3.6174501858654	-19.26467523953472	Undertaker	COMMON	1.0	NEUTRAL
480	-3.9358353196598816	2.3016276674930407	18.01648430095537	Argent Watchman	RARE	2.0	NEUTRAL
481	-15.5048783397933	-2.7676341768576638	-11.477624864084456	Aviana	LEGENDARY	9.0	DRUID
482	-12.29142480425177	3.6301776433857817	10.671589621164653	Mechanical Yeti	COMMON	4.0	NEUTRAL
483	3.450861434242301	-9.111758124396719	-15.68462817828833	Twilight Elder	COMMON	3.0	NEUTRAL
484	7.91967863719474	4.27037326800375	10.225610786333016	Kodorider	EPIC	6.0	NEUTRAL
485	3.4806043425861586	-2.4869149074192367	3.992069165555795	Naga Sea Witch	EPIC	5.0	NEUTRAL
486	3.069031992869277	2.406721682428017	13.139646585720929	Crowd Favorite	EPIC	4.0	NEUTRAL
487	8.156315287260037	-3.7673463361097848	10.589344831676073	Drain Life	FREE	3.0	WARLOCK
488	10.839227090900676	12.23926842155859	4.620925695109723	Divine Favor	RARE	3.0	PALADIN
489	10.515100567864975	9.6263268252115	2.0798265380130387	Freezing Trap	COMMON	2.0	HUNTER
490	15.437393300259762	-14.062335939622738	9.500814380135477	Holy Fire	RARE	6.0	PRIEST
491	-16.529323220459542	-5.827023547353814	10.293414748009685	Argent Squire	COMMON	1.0	NEUTRAL
492	1.6112962024451922	1.9631604686369293	8.309145634499826	Sea Giant	EPIC	10.0	NEUTRAL
493	-9.746240175583198	4.439415453981613	8.752348912532318	Dark Cultist	COMMON	3.0	PRIEST
494	16.089393767180407	3.4412017458321102	-8.866974882170704	Frost Nova	COMMON	3.0	MAGE
495	6.9166804917880915	-15.02358931724926	0.32253124413455786	Ancient of Lore	EPIC	7.0	DRUID
496	7.541876223109743	-12.393111978049422	4.553725676733156	Mortal Strike	RARE	4.0	WARRIOR
497	3.3602657781722547	10.400959242996683	8.450268579156093	Void Crusher	RARE	6.0	WARLOCK
498	3.1101409004256517	-18.810442418980642	-8.274687667115451	Thrallmar Farseer	COMMON	3.0	NEUTRAL
499	-15.949605950677531	-10.553314066490532	-5.680943272986682	Hemet Nesingwary	LEGENDARY	5.0	NEUTRAL
500	7.355504314193672	-15.203288029001007	-1.3809255820883555	Dark Wispers	EPIC	6.0	DRUID
501	-3.246461996912598	2.293789560537908	-17.606922410599978	Murloc Tinyfin	COMMON	0.0	NEUTRAL
502	-4.930602856109275	-15.197252093024012	-16.171273381206692	Acidic Swamp Ooze	COMMON	2.0	NEUTRAL
503	-5.6010516479463925	1.9595130469185083	-8.342340589462053	Nerubian Egg	RARE	2.0	NEUTRAL
504	10.14999254964101	-10.733514388417174	7.179609255319192	Polymorph: Boar	RARE	3.0	MAGE
505	-7.810575964756759	-9.20017459755333	9.198797326295468	Bloodhoof Brave	COMMON	4.0	WARRIOR
506	-1.531650825296064	-7.60950788372142	9.76678572998342	Boneguard Lieutenant	COMMON	2.0	NEUTRAL
507	-2.335914613064127	-3.4832005673890976	-10.123591738338387	Elven Archer	COMMON	1.0	NEUTRAL
508	-15.810393122172353	2.734951760362893	-2.547728873014559	Prophet Velen	LEGENDARY	7.0	PRIEST
509	-18.984498222582257	4.734585971825605	-7.844361584196671	Ragnaros the Firelord	LEGENDARY	8.0	NEUTRAL
510	-1.5813285942990492	-15.475427583832145	5.722576476696618	Twilight Drake	RARE	4.0	NEUTRAL
511	1.417252428729257	4.064857979461287	-10.070731603800109	Quartermaster	EPIC	5.0	PALADIN
512	-11.273064361265225	2.712885399000707	3.4041549754640563	Summoning Portal	COMMON	4.0	WARLOCK
513	-19.496212089597332	-11.013595834759668	-1.9842788273490302	Deathwing	LEGENDARY	10.0	NEUTRAL
514	-2.983252351910236	-21.667919873084514	-0.4694236022670059	Metaltooth Leaper	RARE	3.0	HUNTER
515	-1.723532709407591	15.242881606521522	-12.741170999424009	Eviscerate	COMMON	2.0	ROGUE
516	-3.178502293485791	13.277681844685945	2.5011456014545708	Sinister Strike	FREE	1.0	ROGUE
517	3.930467786804149	12.496814075309835	3.9469468669331413	Demonwrath	RARE	3.0	WARLOCK
518	5.571623454073767	11.591239208843128	6.81316403085602	Spreading Madness	RARE	3.0	WARLOCK
519	1.9736658845232415	-8.567658849881825	-3.4791091039063815	Upgraded Repair Bot	RARE	5.0	PRIEST
520	0.889265468444642	-5.617725451667464	-10.382640778326731	Earthen Ring Farseer	COMMON	3.0	NEUTRAL
521	-2.1139570949625166	9.156910496096351	-1.9319720783350522	DOOM!	EPIC	10.0	WARLOCK
522	-0.17861466241027388	14.09031101962752	11.151247634880658	Lightwarden	RARE	1.0	NEUTRAL
523	-11.781410768356652	-6.185701179564221	14.347557321656712	Dread Corsair	COMMON	4.0	NEUTRAL
524	1.5550075913615795	17.448422938641627	-0.8174478559813418	Iron Sensei	RARE	3.0	ROGUE
525	7.485723974449857	4.556534606322726	8.751949138310748	Recruiter	EPIC	5.0	NEUTRAL
526	-1.047664487945184	8.36482346615179	-0.6956940883653485	Twisting Nether	EPIC	8.0	WARLOCK
527	14.762291747018386	-12.54766105487039	16.924155397383398	Sap	FREE	2.0	ROGUE
528	0.9751734436534031	-0.183606516612678	-0.5684731881648489	Wee Spellstopper	EPIC	4.0	MAGE
529	-19.766838637386915	-10.917897597482606	0.9558543607356255	Justicar Trueheart	LEGENDARY	6.0	NEUTRAL
530	8.838523636749377	4.851563074141237	-15.994974482961501	Cyclopian Horror	EPIC	4.0	NEUTRAL
531	-18.39324885981738	-3.8692682843317456	-0.041936548716493154	Loatheb	LEGENDARY	5.0	NEUTRAL
532	7.428286970364698	-6.1280485643264395	9.087321938277084	Fireball	FREE	4.0	MAGE
533	-9.218092113494706	5.958988999561068	-4.532228999748101	Piloted Sky Golem	EPIC	6.0	NEUTRAL
534	0.5448046925089995	0.16192844311850588	9.899350941710317	Blood of The Ancient One	EPIC	9.0	NEUTRAL
535	12.08337983298324	-13.227246333325063	25.92368221717844	Shady Dealer	RARE	3.0	ROGUE
536	-13.274042488382657	9.367837569612217	6.890779759884132	Webspinner	COMMON	1.0	HUNTER
537	-5.94898634993916	11.387635264292543	-10.801181454391438	Edwin VanCleef	LEGENDARY	3.0	ROGUE
538	8.850043138430133	3.065587177547333	-5.325632230336193	Brave Archer	COMMON	1.0	HUNTER
539	17.793909349259685	1.7778084449155878	-5.559888444494712	Ice Lance	COMMON	1.0	MAGE
540	-3.7252178707393435	16.662826422764216	7.7676547577447845	Eerie Statue	RARE	4.0	NEUTRAL
541	20.235154980302134	-3.745719886257241	-1.3623281452425726	Shadowstep	COMMON	0.0	ROGUE
542	9.25731205624906	12.219840719442502	-11.532311905260846	Flamecannon	COMMON	2.0	MAGE
543	-6.5479044957940475	-11.717487025944791	0.9121912041657985	Darkshire Librarian	RARE	2.0	WARLOCK
544	4.095560195964761	-0.9413434320851375	-17.307017065270283	Faerie Dragon	COMMON	2.0	NEUTRAL
545	-3.129202052673392	-19.78192870632671	0.38530644513054674	Core Rager	RARE	4.0	HUNTER
546	-7.514473316397554	12.455762588943061	0.9453164322647232	Ice Block	EPIC	3.0	MAGE
547	-4.58367674544572	-3.823733201705343	5.299047660544382	Shield Block	COMMON	3.0	WARRIOR
548	4.447324079765359	3.5560430499772395	-18.04726000122606	Grand Crusader	EPIC	6.0	NEUTRAL
549	-1.8683799871205988	-7.580740787593781	16.238086544227865	Druid of the Flame	COMMON	3.0	DRUID
550	6.56177472248647	4.855270402860784	15.126915404344508	A Light in the Darkness	COMMON	2.0	PALADIN
551	-8.05839593307882	-17.534436416386505	-2.2457979775200676	Alexstrasza's Champion	RARE	2.0	WARRIOR
552	8.670630990654356	8.286854318978136	-5.448098677146675	Tundra Rhino	COMMON	5.0	HUNTER
553	-2.9286228341089617	10.927703031766729	6.408664730999423	Wild Growth	FREE	2.0	DRUID
554	9.241256660913029	1.2519897835154068	7.314655745945728	Mini-Mage	EPIC	4.0	NEUTRAL
555	15.942807577042629	-9.057060267610732	0.11509127738955907	Power Word: Glory	COMMON	1.0	PRIEST
556	-2.35321964032703	-3.3097784186175816	-7.0677253795788255	Cruel Taskmaster	COMMON	2.0	WARRIOR
557	-0.035216286099111024	6.088886284747877	1.9817997153562663	Forbidden Shaping	EPIC	0.0	PRIEST
558	-14.391333565584798	4.077768964954496	14.294347192126587	Leper Gnome	COMMON	1.0	NEUTRAL
559	-16.1090631984057	3.630124750618536	-11.668374879233479	Maexxna	LEGENDARY	6.0	NEUTRAL
560	-0.8990756406382404	-5.715549356971032	15.87133558783159	Druid of the Claw	COMMON	5.0	DRUID
561	-17.71575006831758	-0.9566842177338922	10.871632568309032	Jungle Panther	COMMON	3.0	NEUTRAL
562	-7.143740127547275	-7.412808699608759	-3.8381597023244494	Succubus	FREE	2.0	WARLOCK
563	6.326740504315723	11.390994219954328	-11.382604393049684	Mana Wyrm	COMMON	1.0	MAGE
564	7.459108187395247	8.193740002710515	8.875285890890355	Thing from Below	RARE	6.0	SHAMAN
565	-4.4249786118824375	-7.0965209932961555	-5.2146292577051865	Novice Engineer	FREE	2.0	NEUTRAL
566	-10.49658170267813	3.946409567270732	-14.211403452548852	Salty Dog	COMMON	5.0	NEUTRAL
567	-5.090336664108631	-4.913376624861984	3.4032081537629937	Ogre Warmaul	COMMON	3.0	WARRIOR
568	-9.355292837014819	-5.5449406115218896	14.060431980197995	Ironfur Grizzly	COMMON	3.0	NEUTRAL
569	-17.94671513137233	7.753069561577079	0.12662954522124617	Mimiron's Head	LEGENDARY	5.0	NEUTRAL
570	3.6199169827084323	-17.85999006812271	5.946645531965382	Coldlight Seer	RARE	3.0	NEUTRAL
571	2.0863106382166485	-13.069521430733984	8.152665018675227	Master Jouster	RARE	6.0	NEUTRAL
572	-14.643796583952422	-0.3183910778315061	-2.5025852924759544	Confessor Paletress	LEGENDARY	7.0	PRIEST
573	2.676378888559706	-4.729156629548122	-8.60603373753045	Dark Iron Dwarf	COMMON	4.0	NEUTRAL
574	4.733828541315703	3.7066341770980755	-15.860988457531295	Blood Knight	EPIC	3.0	NEUTRAL
575	5.551509359917552	-6.833736156338934	-7.591305592238807	Cabal Shadow Priest	EPIC	6.0	PRIEST
576	-16.958514902684282	-7.398655004027108	2.9795468595582633	Mukla, Tyrant of the Vale	LEGENDARY	6.0	NEUTRAL
577	-2.330851867025995	13.167938025936616	-14.251527968810194	Tinker's Sharpsword Oil	COMMON	4.0	ROGUE
578	12.2160372208286	-3.0180131035663496	-0.8948708587701423	Bash	COMMON	3.0	WARRIOR
579	-5.036973738848545	8.431470766854902	5.0388237497711525	Mind Blast	FREE	2.0	PRIEST
580	-9.788921203769023	-7.874819123742485	14.161224334214138	Frostwolf Grunt	COMMON	2.0	NEUTRAL
581	-19.99643456811652	-5.723859771643573	-0.061408777851451414	Sir Finley Mrrgglton	LEGENDARY	1.0	NEUTRAL
582	-14.968556642675733	5.309530886734565	-0.8627319399185713	Trade Prince Gallywix	LEGENDARY	6.0	ROGUE
583	11.022461297721444	17.911098223475026	0.8207853183888435	Flamewaker	RARE	3.0	MAGE
584	-17.346956440431654	-3.530998292460752	11.648498408508068	Silent Knight	COMMON	3.0	NEUTRAL
585	-6.996667292531085	-17.19060537948235	-0.6167539946544982	Bloodsail Cultist	RARE	3.0	WARRIOR
586	1.4751722855383442	16.72188747188005	8.61445239313813	Alarm-o-Bot	RARE	3.0	NEUTRAL
587	1.5644229332997102	-19.005299639597556	4.673838989574668	Sunfury Protector	RARE	2.0	NEUTRAL
588	1.4892062020572316	-9.728998172400107	-11.32920104353647	Dark Arakkoa	COMMON	6.0	DRUID
589	-16.644850172965437	9.490315549730525	-10.058296849304016	Majordomo Executus	LEGENDARY	9.0	NEUTRAL
590	-14.505317489401365	-3.864705782155764	-11.621766542312507	Fandral Staghelm	LEGENDARY	4.0	DRUID
591	-20.325255334458593	8.325224444709274	-0.8807969115160315	Bolf Ramshield	LEGENDARY	6.0	NEUTRAL
592	10.037570961078877	-7.499687094384538	13.427181551991083	Windfury	FREE	2.0	SHAMAN
593	20.39582912830073	-17.936619050291885	-0.590543676829831	Dark Iron Skulker	RARE	5.0	ROGUE
594	3.545537538606873	5.73320049239074	-4.785641394183459	Sword of Justice	EPIC	3.0	PALADIN
595	1.8364066208653906	-20.401450779759596	-7.740122829306303	Grotesque Dragonhawk	COMMON	7.0	NEUTRAL
596	-0.6004431605398834	-2.2127793242373817	-8.547308747340088	Spellbreaker	COMMON	4.0	NEUTRAL
597	2.0641329150061587	8.965131115934408	11.150351227757705	Spawn of Shadows	RARE	4.0	PRIEST
598	-16.74567153199261	7.888956324376021	-2.221784881720011	The Boogeymonster	LEGENDARY	8.0	NEUTRAL
599	11.106895608690724	15.748909050931283	0.9431801505480504	Fallen Hero	RARE	2.0	MAGE
600	2.6616524453138157	-16.487066504792974	3.7585022918134046	Bloodsail Corsair	RARE	1.0	NEUTRAL
601	-17.826419368117552	12.470869143725858	-2.747941707074437	Shifter Zerus	LEGENDARY	1.0	NEUTRAL
602	14.857165741961722	6.264618995153783	-0.3293135992139541	Argent Commander	RARE	6.0	NEUTRAL
603	-21.4355286609716	-0.4056662953112859	-3.60944745998741	Old Murk-Eye	LEGENDARY	4.0	NEUTRAL
604	4.680108116143229	14.041569055783304	5.818778382540306	Tiny Knight of Evil	RARE	2.0	WARLOCK
605	3.7458956286119216	0.3505094897307807	12.03624129757967	Ancient Harbinger	EPIC	6.0	NEUTRAL
606	1.577833225169153	-0.8580568922442343	11.62035730888296	Frost Giant	EPIC	10.0	NEUTRAL
607	-15.4478995587421	7.903543086301585	-11.109713040548732	Deathwing, Dragonlord	LEGENDARY	10.0	NEUTRAL
608	4.5401916751578355	2.970704679034071	9.273322499269987	Doomsayer	EPIC	2.0	NEUTRAL
609	15.281544836227335	-3.771597528998533	-12.848138824810977	Servant of Yogg-Saron	RARE	5.0	MAGE
610	1.6761411879033403	16.997268988053197	12.745295291460659	Wild Pyromancer	RARE	2.0	NEUTRAL
611	2.1152153134639233	-15.557486253922354	9.57527403093028	Kezan Mystic	RARE	4.0	NEUTRAL
612	-8.753651393864313	-18.263432905114694	-0.422320772333184	Shieldmaiden	RARE	6.0	WARRIOR
613	5.962377825721643	13.558480448637773	13.61825340729621	Knight of the Wild	RARE	7.0	DRUID
614	-16.395997204156206	-10.896443512966487	-17.52626267244522	Arathi Weaponsmith	COMMON	4.0	WARRIOR
615	-22.138414025241225	-6.5300998789723	-0.5281271493375501	Tinkmaster Overspark	LEGENDARY	3.0	NEUTRAL
616	-4.677580774986906	16.159546695045318	-8.579198596907473	Pit Snake	COMMON	1.0	ROGUE
617	3.325654796559225	5.400535067667278	0.9883002458307106	Poisoned Blade	EPIC	4.0	ROGUE
618	11.03175215074898	-7.608291883332398	-3.0410025386134603	Battle Rage	COMMON	2.0	WARRIOR
619	7.939420782250179	-2.8961820696012888	4.686746559909637	Lay on Hands	EPIC	8.0	PALADIN
620	0.6875928142898838	3.8756156411646643	-1.1487125777037295	Cabalist's Tome	EPIC	5.0	MAGE
621	-1.391152313771815	10.598325589563213	-11.08897413106146	SI:7 Agent	RARE	3.0	ROGUE
622	-5.917035575416928	-7.128007790381712	13.932753964032942	Ironbark Protector	COMMON	8.0	DRUID
623	10.863527423131128	-1.9334344034802822	10.192606295049817	Healing Touch	FREE	3.0	DRUID
624	-12.835606378043725	11.986100506590136	-3.6743063160921263	Malygos	LEGENDARY	9.0	NEUTRAL
625	-5.857027523550132	-6.878514477307853	-20.55371320799637	Kobold Geomancer	COMMON	2.0	NEUTRAL
626	17.48344188241234	-11.493366135884138	7.015620254842424	Shadow Madness	RARE	4.0	PRIEST
627	-8.686240284231918	16.980715348098546	3.0123612981112684	Bloodfen Raptor	FREE	2.0	NEUTRAL
628	7.512793267909672	15.058623845673262	9.00563779935381	Vitality Totem	RARE	2.0	SHAMAN
629	2.0208451369564977	-4.294935360233036	12.609486658877703	Tournament Medic	COMMON	4.0	NEUTRAL
630	-13.820879332562159	7.868890019440223	-0.15331348804905767	Hallazeal the Ascended	LEGENDARY	5.0	SHAMAN
631	17.881730889802586	-11.44882412805641	4.1003703310181185	Mind Control	COMMON	10.0	PRIEST
632	-16.425028074046253	0.5424668911643536	11.143189326731076	Worgen Infiltrator	COMMON	1.0	NEUTRAL
633	12.192996271652536	8.31015044192729	3.10743303211723	Dart Trap	COMMON	2.0	HUNTER
634	1.8563569712507326	-11.85124901373684	2.8739417174760344	Fencing Coach	RARE	3.0	NEUTRAL
635	-12.795030766864405	-1.5550207408292518	1.8653018141741207	Curse of Rafaam	COMMON	2.0	WARLOCK
636	17.134175567051518	-1.6875366740423317	-1.7770148211381938	Flame Lance	COMMON	5.0	MAGE
637	11.491940730628501	4.145435773000298	12.74555757848383	Sacred Trial	COMMON	1.0	PALADIN
638	13.840679178869932	2.8726899154331442	13.485365210565897	Avenge	COMMON	1.0	PALADIN
639	-7.766443457423691	7.013092926053857	-0.5834216956060473	Tentacles for Arms	EPIC	5.0	WARRIOR
640	3.9068410002109997	-12.12690497909122	-7.993265531746969	Fireguard Destroyer	COMMON	4.0	SHAMAN
641	-17.428683737801542	2.8557399428604553	2.632226219597361	Acidmaw	LEGENDARY	7.0	HUNTER
642	-19.817369335700693	-8.985695525549684	2.868220402182882	Captain Greenskin	LEGENDARY	5.0	NEUTRAL
643	-1.3320374980111354	14.760157597250625	-14.530735478178805	Cold Blood	COMMON	1.0	ROGUE
644	13.021922492658035	-3.768968108301346	8.586541331876749	Holy Smite	FREE	1.0	PRIEST
645	-1.3326623192121612	8.691817007413432	15.006844677763242	Shadow Word: Horror	RARE	4.0	PRIEST
646	-18.098927918806275	5.840824399632855	-1.6756996118485892	Baron Geddon	LEGENDARY	7.0	NEUTRAL
647	-17.940572741997507	-8.553864910503226	-1.657799401252816	Onyxia	LEGENDARY	9.0	NEUTRAL
648	1.750146075249839	-3.148618480718906	-9.187079796608936	Ironbeak Owl	COMMON	3.0	NEUTRAL
649	-6.489100648393188	3.357234925552582	-0.4269087453976933	Gorehowl	EPIC	7.0	WARRIOR
650	-5.882699145322053	1.2452053555714455	-18.51770030252731	Am'gam Rager	COMMON	3.0	NEUTRAL
651	-14.289702671530852	-5.904012529995442	12.469853902537091	Annoy-o-Tron	COMMON	2.0	NEUTRAL
652	-3.0184943915835243	5.041436447311245	11.492050476068464	Astral Communion	EPIC	4.0	DRUID
653	-0.6124699833410348	4.586465423673531	-4.897743808402633	Ancestor's Call	EPIC	4.0	SHAMAN
654	-17.711921655684485	9.378115221532306	-3.952705986436898	Emperor Thaurissan	LEGENDARY	6.0	NEUTRAL
655	-1.3557146168903857	-15.200897891699805	-14.100732286595974	Gadgetzan Jouster	COMMON	1.0	NEUTRAL
656	-4.712544556681778	3.000589120349933	0.37838430836701875	Blood Warriors	EPIC	3.0	WARRIOR
657	-8.08266417645821	-5.955673746063953	-19.991492190215244	Archmage	COMMON	6.0	NEUTRAL
658	-6.51480028853671	12.699362753395981	9.179948327401009	Fiery War Axe	FREE	2.0	WARRIOR
659	-7.824351280072719	-4.0201466584890415	-11.571619236893282	Totemic Might	COMMON	0.0	SHAMAN
660	-1.2417109871292862	15.592637161118706	12.933295856084506	Secretkeeper	RARE	1.0	NEUTRAL
661	2.254661554413832	-12.364354462219568	-0.5198980022100409	Aldor Peacekeeper	RARE	3.0	PALADIN
662	9.385151278704308	-12.525055977917066	4.897289472408187	Blood To Ichor	RARE	1.0	WARRIOR
663	5.639278675480484	13.421890513277853	4.116786704333397	Forbidden Ritual	RARE	0.0	WARLOCK
664	2.7904087581714387	2.8708013526041287	10.840391714858875	Scaled Nightmare	EPIC	6.0	NEUTRAL
665	-5.543408068168776	2.3345380040480634	17.509043909318798	Ancient Watcher	RARE	2.0	NEUTRAL
666	3.024713892768474	-5.733999003879566	15.514188113626178	Grove Tender	RARE	3.0	DRUID
667	-2.185975565440424	5.01446545523575	4.111472897648142	Shadowfiend	EPIC	3.0	PRIEST
668	8.730898765696626	5.491316424544991	15.471983065118481	Solemn Vigil	COMMON	5.0	PALADIN
669	-15.162005897533076	-7.3613880878710924	13.34645336525743	Psych-o-Tron	COMMON	5.0	NEUTRAL
670	15.780069213851494	-4.274721542025912	12.669833772525344	Backstab	FREE	0.0	ROGUE
671	-2.449428163852213	-12.710533182113908	-7.552324870623745	Guardian of Kings	COMMON	7.0	PALADIN
672	6.976012030259438	22.19129726184891	5.651186089565326	Effigy	RARE	3.0	MAGE
673	4.6312007460441995	1.1657681522234133	7.476692814141575	Hobgoblin	EPIC	3.0	NEUTRAL
674	3.8367826925708286	9.535448302429558	-0.4313268569960861	Giant Sand Worm	EPIC	8.0	HUNTER
675	0.4735381496854001	10.982093536545293	-2.584114925507508	Far Sight	EPIC	3.0	SHAMAN
676	-11.206644027616969	0.9823126557052954	-18.499846852367618	Eldritch Horror	COMMON	8.0	NEUTRAL
677	-1.8632744410804714	14.536091035764253	0.9990136473006167	Deadly Poison	FREE	1.0	ROGUE
678	-16.10153284698014	-10.254251304995591	-3.8174162974831987	Alexstrasza	LEGENDARY	9.0	NEUTRAL
679	-4.323260864150433	-8.128373398994974	-13.7514943263438	Blackwing Corruptor	COMMON	5.0	NEUTRAL
680	16.806660241149437	8.753985230428274	9.542805536018738	Assassinate	FREE	5.0	ROGUE
681	-5.657014973062727	0.9126441890596785	8.047424658777144	Mind Vision	COMMON	1.0	PRIEST
682	-11.724850040669635	-2.3685901677116385	3.7717526596335356	Wrathguard	COMMON	2.0	WARLOCK
683	0.8425799101509597	-18.04070432099804	9.7965663403431	Coldlight Oracle	RARE	3.0	NEUTRAL
684	14.242827588392048	-1.8376201599343271	3.3791164886978438	Starfire	COMMON	6.0	DRUID
685	2.0356023010775757	3.930059816673908	-11.955489840062391	Mysterious Challenger	EPIC	6.0	PALADIN
686	5.280319751727205	4.210119850710852	-12.810536494577997	Forbidden Ancient	EPIC	1.0	DRUID
687	7.444015353921701	9.064477205752718	0.32253503616267143	Snake Trap	EPIC	2.0	HUNTER
688	11.217817240229213	-9.294221024794597	15.677459462086574	Frost Shock	FREE	1.0	SHAMAN
689	-16.27530133189974	10.191553398318758	-8.019473652161551	The Beast	LEGENDARY	6.0	NEUTRAL
690	-2.079485869337148	-12.547753472984867	-18.15105512855845	Tomb Spider	COMMON	4.0	NEUTRAL
691	-19.448139338278406	7.598226311161014	-2.88842771679043	Mogor the Ogre	LEGENDARY	6.0	NEUTRAL
692	17.749528055805822	5.242956500916878	7.384474056139574	Ice Barrier	COMMON	3.0	MAGE
693	10.634145745827185	-5.2958034267677	9.158198236526491	Holy Light	FREE	2.0	PALADIN
694	5.497746970267171	-5.33448737205301	-18.1560342489006	Glaivezooka	COMMON	2.0	HUNTER
695	2.130109884595182	15.1555688152418	10.629393856489962	Young Priestess	RARE	1.0	NEUTRAL
696	7.081612001300296	-14.23026385630133	-10.25926284362874	Dust Devil	COMMON	1.0	SHAMAN
697	1.0759006686479562	-16.47420521887791	5.679376918461158	Bomb Lobber	RARE	5.0	NEUTRAL
698	-14.05797946358719	-11.869763404990724	1.251680938191991	Iron Juggernaut	LEGENDARY	6.0	WARRIOR
699	-0.9994463984577098	-9.077325413397284	3.2401534078308614	Disciple of C'Thun	RARE	3.0	NEUTRAL
700	19.564577344900908	-5.114894687657777	-3.5859523360954997	Power Overwhelming	COMMON	1.0	WARLOCK
701	13.057853171348802	-2.284698989307607	-3.8218415146064366	Kill Command	COMMON	3.0	HUNTER
702	-3.709140306968705	5.852550149789354	-10.011111846750513	Selfless Hero	RARE	1.0	PALADIN
703	3.607951025975796	20.38709174589401	-3.816105040559765	Preparation	EPIC	0.0	ROGUE
704	-4.781073654845134	6.342064391947237	15.391550758377193	Emperor Cobra	RARE	3.0	NEUTRAL
705	-13.04199096021008	1.8429786249370677	-15.831419536381896	Faceless Behemoth	COMMON	10.0	NEUTRAL
706	10.73498569269293	-15.066628227789929	6.281536732969137	Explosive Shot	RARE	5.0	HUNTER
707	-14.503409914567499	-2.7822544629557875	-8.629943637832682	Mal'Ganis	LEGENDARY	9.0	WARLOCK
708	-0.08632541947380296	-14.276698548533233	9.82861971332791	Ancient Shade	RARE	4.0	NEUTRAL
709	-12.051317767274467	-10.019173907670702	-7.0951171058325055	Lord Jaraxxus	LEGENDARY	9.0	WARLOCK
710	5.842953478125581	-11.695448796867682	-9.558225600413033	Flamewreathed Faceless	COMMON	4.0	SHAMAN
711	5.924659759639837	-1.6446652531303936	-7.99584218903519	Darkspeaker	EPIC	5.0	NEUTRAL
712	6.9369664113311815	-3.5835811647365445	-6.312459827682346	Shadowcaster	EPIC	5.0	ROGUE
713	-13.098317611376807	5.609142223783087	9.631834317130608	Dancing Swords	COMMON	3.0	NEUTRAL
714	10.840037379571116	-2.960532980536108	11.84991383361899	Mark of the Wild	FREE	2.0	DRUID
715	-5.2815071322777465	0.8268602326441239	11.232353355835205	Holy Champion	COMMON	4.0	PRIEST
716	-0.6682040034549624	-3.7287598112284943	-4.716660743328349	Argent Protector	COMMON	2.0	PALADIN
717	3.664297682019168	-15.381442373511216	7.004887404278632	Ancient Mage	RARE	4.0	NEUTRAL
718	-17.51127746379821	-9.435744736849157	1.8478980784427188	Dr. Boom	LEGENDARY	7.0	NEUTRAL
719	7.712806384319269	-8.34481129579566	5.454330635169869	Forbidden Flame	EPIC	0.0	MAGE
720	-5.063018507067275	-14.352567795619631	6.549323189875075	Doomcaller	RARE	8.0	NEUTRAL
721	-4.083836410933567	-15.45846053971771	-13.883356899698597	Tinkertown Technician	COMMON	3.0	NEUTRAL
722	5.743416784890699	-5.1879815546076875	-16.344733961085343	King's Elekk	COMMON	2.0	HUNTER
723	1.1045118142874657	-10.342630253491544	-3.266212554572723	Screwjank Clunker	RARE	4.0	WARRIOR
724	-11.634809081767875	-5.538404858173555	-1.7929002316309115	Neptulon	LEGENDARY	7.0	SHAMAN
725	17.694897828788033	-1.613874975246639	-3.546280713785621	Shatter	COMMON	2.0	MAGE
726	-1.046404320244947	-21.109488373611395	5.9649573706248775	Lil' Exorcist	RARE	3.0	NEUTRAL
727	-10.50960827467725	7.573933552673996	8.50462397528811	Mounted Raptor	COMMON	3.0	DRUID
728	8.810579967125902	-6.538359359742644	2.662723844015933	Demonheart	EPIC	5.0	WARLOCK
729	-18.518853588412796	-7.402474123340556	0.9603445712649081	Gelbin Mekkatorque	LEGENDARY	6.0	NEUTRAL
730	-10.711273259095572	0.38499459065636277	13.27851976967182	Unstable Ghoul	COMMON	2.0	NEUTRAL
731	-8.110121598242683	-13.607720439947835	11.16195082437908	Raging Worgen	COMMON	3.0	NEUTRAL
732	18.988128393419228	-5.171436655120347	-6.40777308713945	Soulfire	COMMON	1.0	WARLOCK
733	-21.78428233572931	6.349609899782954	-2.967403652110963	Nozdormu	LEGENDARY	9.0	NEUTRAL
734	-0.8929709848837835	-3.636074223921102	7.523599932057426	Soul of the Forest	COMMON	4.0	DRUID
735	11.353483579013211	13.523367646567982	7.4356671144646755	Muster for Battle	RARE	3.0	PALADIN
736	13.992859214948867	12.222439972311825	-5.826349858149749	Flamestrike	COMMON	7.0	MAGE
737	11.582679534962288	8.133990602723012	1.2090839885801947	Explosive Trap	COMMON	2.0	HUNTER
738	-0.6688447517478521	-17.46023332113872	-13.603327648536998	Murloc Tidehunter	COMMON	2.0	NEUTRAL
739	0.3946259920568933	2.3550127632499853	-2.3211102820449914	Coldarra Drake	EPIC	6.0	MAGE
740	3.4855778921495513	4.264866867590629	-10.32117181402249	Vilefin Inquisitor	EPIC	1.0	PALADIN
741	-13.431687736671762	12.515123654482167	8.277850694249594	Possessed Villager	COMMON	1.0	WARLOCK
742	-13.051327366365273	18.441416354088947	4.8682433451073805	Reckless Rocketeer	FREE	6.0	NEUTRAL
743	2.8546382382018116	17.76216787255489	10.506867223663791	Murloc Tidecaller	RARE	1.0	NEUTRAL
744	-12.20944786068543	-10.902467897179537	5.917263494462361	Flametongue Totem	COMMON	2.0	SHAMAN
745	-3.6172782022505032	2.963471530317406	-14.921222415609423	Grimscale Oracle	COMMON	1.0	NEUTRAL
746	7.457490065887851	-13.083152130464564	10.227879313024099	Shadowflame	RARE	4.0	WARLOCK
747	7.119325374776214	10.912283385395638	12.860671189470589	Jungle Moonkin	RARE	4.0	DRUID
748	14.792322438107037	-9.45509747935857	2.007330486913378	Power Word: Tentacles	COMMON	5.0	PRIEST
749	-15.17734488977067	7.132200238901648	2.3324046837570265	Wilfred Fizzlebang	LEGENDARY	6.0	WARLOCK
750	-17.44049435231747	-5.285299161321459	1.6134921872498158	Harrison Jones	LEGENDARY	5.0	NEUTRAL
751	-5.154719730268867	0.7492989788201045	-0.7610027671314386	Brawl	EPIC	5.0	WARRIOR
752	-15.82444204827389	-1.0514181728369447	12.283975542271287	Twisted Worgen	COMMON	2.0	NEUTRAL
753	-0.04635902942937652	-16.12891097815756	-16.126542154658623	Jeweled Scarab	COMMON	2.0	NEUTRAL
754	-7.246450589220282	-6.279318369759106	-22.057389088446033	Dalaran Mage	COMMON	3.0	NEUTRAL
755	8.999067534775843	-8.598397713022988	-13.846837392308323	Earth Elemental	EPIC	5.0	SHAMAN
756	-22.886372679752668	7.752961148055047	-1.0663588809183089	Ysera	LEGENDARY	9.0	NEUTRAL
757	19.389532476268702	2.333088800761446	-4.2760296965099105	Cone of Cold	COMMON	4.0	MAGE
758	20.837525107085757	-7.255061408369653	4.3489904267823665	Divine Strength	COMMON	1.0	PALADIN
759	-5.419071677620077	5.426136402792137	-7.713541835608843	Infested Wolf	RARE	4.0	HUNTER
760	5.046856137126298	5.500822646724596	0.4821048955782442	Beneath the Grounds	EPIC	3.0	ROGUE
761	8.537502122333837	-8.498166265528466	15.468328611191787	Rockbiter Weapon	FREE	1.0	SHAMAN
762	-14.526780081169926	-3.2686743402687943	-1.15219634996116	Herald Volazj	LEGENDARY	6.0	PRIEST
763	4.215466562042272	5.701824533930602	-16.627042319191368	Master of Ceremonies	EPIC	3.0	NEUTRAL
764	10.3776813505999	10.167714455999777	-7.5594295649414445	Deadly Shot	COMMON	3.0	HUNTER
765	0.2659746901873221	15.239516318964947	19.023497565168643	Mana Wraith	RARE	2.0	NEUTRAL
766	-14.346117629329196	9.877662487129557	-9.482111770579063	Sneed's Old Shredder	LEGENDARY	8.0	NEUTRAL
767	10.390725680155517	-14.050028441405251	-11.241147904347974	Dunemaul Shaman	RARE	4.0	SHAMAN
768	7.464700242292175	-5.244566644425653	2.5535761186648442	Bane of Doom	EPIC	5.0	WARLOCK
769	-9.422827338873853	9.795845250611757	-3.2436050907298717	Twilight Summoner	EPIC	4.0	NEUTRAL
770	-11.669780393960398	8.167055969850914	13.057643182095331	Zealous Initiate	COMMON	1.0	NEUTRAL
771	6.599701890080708	3.7902976285096264	-16.80774483498554	Enhance-o Mechano	EPIC	4.0	NEUTRAL
772	-7.779790324918646	-10.246524875308392	-6.837600570856552	Flame Imp	COMMON	1.0	WARLOCK
773	-9.785691792265348	6.809106013976378	4.818022100899799	Death's Bite	COMMON	4.0	WARRIOR
774	-16.17795463866889	4.751467897344576	12.332740309824816	Zombie Chow	COMMON	1.0	NEUTRAL
775	-18.657270040864443	11.723241975292366	0.014486945388229857	Hogger	LEGENDARY	6.0	NEUTRAL
776	-7.704383374037706	-7.5070007329005914	10.085703779160943	Fierce Monkey	COMMON	3.0	WARRIOR
777	-8.229202856451785	6.291500810839326	-18.80265543971993	Micro Machine	COMMON	2.0	NEUTRAL
778	1.1738593324335436	14.255609417006177	14.51442565327192	Angry Chicken	RARE	1.0	NEUTRAL
779	3.1844902477757437	-2.6510644194160267	-6.92679109993412	Shattered Sun Cleric	COMMON	3.0	NEUTRAL
780	-0.9405158551813073	9.768617941479796	12.057570447786585	Mass Dispel	RARE	4.0	PRIEST
781	12.34658033225669	14.796142878776246	-2.119891083872623	Soot Spewer	RARE	3.0	MAGE
782	-0.9273617340567115	15.995675424452848	-5.350516818901804	Vanish	COMMON	6.0	ROGUE
783	-17.873241831336063	6.427020897241424	-4.397420358594775	Gruul	LEGENDARY	8.0	NEUTRAL
784	8.332521010142761	14.42409087276079	-4.698642051884366	Infest	RARE	3.0	HUNTER
785	13.093602253756126	1.208170047951787	-12.173430075599242	Spellslinger	COMMON	3.0	MAGE
786	20.486158057449938	-0.2497433017539925	1.1611763837335725	Shadow Strike	COMMON	3.0	ROGUE
787	-12.425627259012522	4.736466767571038	6.274333330291824	Voidcaller	COMMON	4.0	WARLOCK
788	-18.29019090494708	-11.201679694089899	4.409120544215958	Twin Emperor Vek'lor	LEGENDARY	7.0	NEUTRAL
789	0.7392770262422645	-14.822025035906217	7.2504750957097865	Arcane Golem	RARE	3.0	NEUTRAL
790	-13.389201601263837	0.7563271777626807	15.467054176655456	Gilblin Stalker	COMMON	2.0	NEUTRAL
791	-14.139620418505267	5.531890190801164	-3.585822292331003	Archmage Antonidas	LEGENDARY	7.0	MAGE
792	-6.772869014646854	5.0711041260701215	-17.005159788786123	Puddlestomper	COMMON	2.0	NEUTRAL
793	3.816303582166907	14.61168931545843	4.028571150192184	Mistress of Pain	RARE	2.0	WARLOCK
794	15.930974930647428	0.3494492867860255	-1.6848989946807598	Dragon's Breath	COMMON	5.0	MAGE
795	-5.078055000801932	5.018336651996789	-14.703043323177381	Acolyte of Pain	COMMON	3.0	NEUTRAL
796	-6.750511324239745	6.764892668463894	-13.782051799719769	Wisp	COMMON	0.0	NEUTRAL
797	8.476161018696379	6.351090994840425	-5.216275602598981	Scavenging Hyena	COMMON	2.0	HUNTER
798	14.641754957721703	-7.2196369791765305	1.5250209997224067	Shadow Word: Death	COMMON	3.0	PRIEST
799	-15.067480759741564	-13.766760754537083	8.363061176800736	Nerub'ar Weblord	COMMON	2.0	NEUTRAL
800	17.836752437162197	-6.292397866839919	5.6693407857913565	Humility	COMMON	1.0	PALADIN
801	13.849285499514087	-5.105577966759045	9.770243006229776	Power Word: Shield	FREE	1.0	PRIEST
802	-14.356062798311392	7.782369438132609	-8.846643596746992	Stalagg	LEGENDARY	5.0	NEUTRAL
803	8.7935774478052	-11.951595736000185	-13.136887394549571	Doomhammer	EPIC	5.0	SHAMAN
804	10.204246641580648	8.097506841650857	3.4039244630278227	Snipe	COMMON	2.0	HUNTER
805	-8.911449992941915	-10.709857746494256	13.104202952370665	Tauren Warrior	COMMON	3.0	NEUTRAL
806	-10.69774709801315	-0.3164152377626696	-16.331178432477873	Captured Jormungar	COMMON	7.0	NEUTRAL
807	-4.063921403180816	5.042744082687067	-6.922593748646309	Savannah Highmane	RARE	6.0	HUNTER
808	-6.668032009806538	-3.7520626895154607	4.493136201397372	Arcanite Reaper	COMMON	5.0	WARRIOR
809	13.854616600897764	5.862818442337543	6.419434378463797	Soggoth the Slitherer	LEGENDARY	9.0	NEUTRAL
810	-4.708517569018448	-20.63148227278033	-0.6029658571062935	Forlorn Stalker	RARE	3.0	HUNTER
811	-17.95287627386164	-6.2509294361561585	-5.803002914781823	Rend Blackhand	LEGENDARY	7.0	NEUTRAL
812	-21.767217722067702	9.031561188697404	-3.2193611865373932	Foe Reaper 4000	LEGENDARY	8.0	NEUTRAL
813	-5.7331705619661415	-16.03913076563697	6.446297249164533	Skeram Cultist	RARE	6.0	NEUTRAL
814	-2.3024080647226937	-17.95658130193023	5.792067529739684	Gnomish Experimenter	RARE	3.0	NEUTRAL
815	3.129915267691312	-5.358406015854975	-4.731638589927775	Temple Enforcer	COMMON	6.0	PRIEST
816	-2.0670387824474563	18.97737723367739	7.541094319561185	Violet Teacher	RARE	4.0	NEUTRAL
817	-9.666413107133437	-3.8601246385539008	-10.66957834335621	Tunnel Trogg	COMMON	1.0	SHAMAN
818	-1.314416853434087	15.194604111106928	18.674632259739706	Goblin Sapper	RARE	3.0	NEUTRAL
819	-1.5443086161424522	-7.727545191347524	-15.179580391609914	North Sea Kraken	COMMON	9.0	NEUTRAL
820	12.65275347112328	4.097762060010894	-9.700340541691679	Sorcerer's Apprentice	COMMON	2.0	MAGE
821	14.756921558295781	-12.882123012133313	-1.9610718279598414	Earth Shock	COMMON	1.0	SHAMAN
822	11.891832241074011	14.770401653911698	12.133046162842753	Commanding Shout	RARE	2.0	WARRIOR
823	-4.80420910284911	-13.150639062499268	-14.246617451010833	Silver Hand Knight	COMMON	5.0	NEUTRAL
824	-10.641826058319511	0.6646202994055477	6.073974500775744	Usher of Souls	COMMON	5.0	WARLOCK
825	-4.1488628515692465	2.0006668902215203	-2.0147923888266	Bouncing Blade	EPIC	3.0	WARRIOR
826	-6.330537215024015	9.180997114048283	-3.4520158572912556	Hammer of Twilight	EPIC	5.0	SHAMAN
827	14.939005567165033	3.9245392981697993	-7.352875103983433	Water Elemental	COMMON	4.0	MAGE
828	0.001728251932895697	-18.437978828764237	6.542860262228226	Defender of Argus	RARE	4.0	NEUTRAL
829	-7.258922367362103	1.7145279203474222	4.707175133267106	Bluegill Warrior	COMMON	2.0	NEUTRAL
830	-11.944134204480726	7.236112499007846	-10.709568021591918	Malorne	LEGENDARY	7.0	DRUID
831	-13.901710452888747	-16.79216473771095	7.8726152955856215	Venture Co. Mercenary	COMMON	5.0	NEUTRAL
832	-14.209998137610505	3.1472009365316875	11.962057195030843	Anubisath Sentinel	COMMON	5.0	NEUTRAL
833	15.06697271945296	13.846630012964013	10.366752240701276	Revenge	RARE	2.0	WARRIOR
834	-10.014977379090453	11.06986898409234	-11.724051142533458	Xaril, Poisoned Mind	LEGENDARY	4.0	ROGUE
835	-2.8154268273350165	7.777610111161073	-0.872191014995778	Renounce Darkness	EPIC	2.0	WARLOCK
836	-1.3827079626808136	7.002591544177499	-2.6611028483850054	Anima Golem	EPIC	6.0	WARLOCK
837	2.1478479955725347	-7.378171458488544	15.489198643735099	Mire Keeper	RARE	4.0	DRUID
838	9.238590173734638	16.627559700764575	0.057713149954584674	Unstable Portal	RARE	2.0	MAGE
839	-7.3171752386186615	-7.814464454933714	-19.16739410639929	Ogre Magi	COMMON	4.0	NEUTRAL
840	-5.555626754039131	11.378778787611719	4.20892702899902	Hellfire	FREE	4.0	WARLOCK
841	9.660409123141495	-5.142308591759006	15.198461860248848	Charge	FREE	3.0	WARRIOR
842	6.078639860467754	0.633277414290692	-11.256893794925714	Hungry Crab	EPIC	1.0	NEUTRAL
843	-9.988573877823171	-18.104676766825623	-7.671606293812131	Stablemaster	EPIC	3.0	HUNTER
844	4.6141825808848065	8.214723002835276	9.534403441120208	Thunder Bluff Valiant	RARE	5.0	SHAMAN
845	-5.268187708710389	8.867982097601297	8.37128711004249	Tracking	FREE	1.0	HUNTER
846	-10.102835761440994	-0.91834626993203	3.2860347947359014	Darkshire Councilman	COMMON	3.0	WARLOCK
847	-6.4204716487581495	2.812296467698966	-13.644241375589875	Cult Master	COMMON	4.0	NEUTRAL
848	2.723925789165895	6.716608715341772	-13.732886712480559	Shadowbomber	EPIC	1.0	PRIEST
849	-7.5844092469274855	-11.841075824887183	-10.993196037227142	Goblin Auto-Barber	COMMON	2.0	ROGUE
850	15.704972229538017	-12.317269741570007	7.01140185387863	Convert	RARE	2.0	PRIEST
851	6.515100607038029	3.570043479712127	16.97482894656628	Stand Against Darkness	COMMON	5.0	PALADIN
852	12.063045635682299	-10.282711397190582	-9.35281984599188	Feral Spirit	RARE	3.0	SHAMAN
853	-0.13763732899975487	17.14492710416111	-7.058804193352021	Fan of Knives	COMMON	3.0	ROGUE
854	-7.264508352570619	-9.066453436615515	7.280292646852186	Warbot	COMMON	1.0	WARRIOR
855	-5.70607026889028	8.348898409392843	-8.555276500087173	Undercity Huckster	RARE	2.0	ROGUE
856	-19.47472117101793	1.0653796725352902	-0.4438704241616765	King Krush	LEGENDARY	9.0	HUNTER
857	-7.20864966153113	-4.674322824290529	2.539969692493382	Obsidian Destroyer	COMMON	7.0	WARRIOR
858	-11.203576817016378	5.778645952335578	-7.872525915931002	Anomalus	LEGENDARY	8.0	MAGE
859	14.790849796811266	-6.344239697719256	8.810862961582513	Shadow Word: Pain	FREE	2.0	PRIEST
860	18.474666405943676	-9.681593866251308	3.283724609364289	Entomb	COMMON	6.0	PRIEST
861	8.297963253775974	-8.149717087939457	12.93579102268198	Hex	FREE	3.0	SHAMAN
862	-5.679215639155118	14.793893889031972	2.203751339600372	Arcane Explosion	FREE	2.0	MAGE
863	-3.795498704675713	-6.005920770196054	9.449090975418791	Mukla's Champion	COMMON	5.0	NEUTRAL
864	-21.14005188277905	-3.4982576924698425	-1.9155501836723157	Leeroy Jenkins	LEGENDARY	5.0	NEUTRAL
865	19.817496170502434	-7.322705475701301	-4.214250189904768	Demonfire	COMMON	2.0	WARLOCK
866	2.862719854865357	-6.521529252558609	-6.222971625135	Shrinkmeister	COMMON	2.0	PRIEST
867	-9.37721497395485	-2.5485139681444546	-9.086826311072043	Rumbling Elemental	COMMON	4.0	SHAMAN
868	-10.904812309222423	-0.3934761118758008	1.3687875369986315	Imp Gang Boss	COMMON	3.0	WARLOCK
869	-1.5165341778928543	12.740317471586124	-11.710046745408436	Undercity Valiant	COMMON	2.0	ROGUE
870	-0.9665764651958534	16.638464603750187	7.101449091214375	Gadgetzan Auctioneer	RARE	6.0	NEUTRAL
871	11.675153705395998	2.6024450918523083	-0.5032472339034528	Sludge Belcher	RARE	5.0	NEUTRAL
872	1.858616874819129	-10.397546785601383	1.5273266218425519	Crazed Alchemist	RARE	2.0	NEUTRAL
873	-15.239145845799147	-12.003548286960793	-14.195323033121696	Museum Curator	COMMON	2.0	PRIEST
874	-6.6177182033172555	1.824746311906241	10.033734238461797	Lightspawn	COMMON	4.0	PRIEST
875	13.087426369906922	-0.44250243392488986	-10.915071049267802	Ethereal Conjurer	COMMON	5.0	MAGE
876	-18.696153129465422	9.82852186155024	-1.635337103790852	Gazlowe	LEGENDARY	6.0	NEUTRAL
